start_id,end_id,rel_type
dis001,diet001,YÊU_CẦU_CHẾ_ĐỘ
dis001,diet005,YÊU_CẦU_CHẾ_ĐỘ
,,
dis002,diet001,YÊU_CẦU_CHẾ_ĐỘ
dis002,diet002,YÊU_CẦU_CHẾ_ĐỘ
,,
dis003,diet001,YÊU_CẦU_CHẾ_ĐỘ
,,
dis004,diet002,YÊU_CẦU_CHẾ_ĐỘ
,,
dis005,diet002,YÊU_CẦU_CHẾ_ĐỘ
dis005,diet003,YÊU_CẦU_CHẾ_ĐỘ
,,
dis006,diet003,YÊU_CẦU_CHẾ_ĐỘ
dis006,diet005,YÊU_CẦU_CHẾ_ĐỘ
,,
dis007,diet005,YÊU_CẦU_CHẾ_ĐỘ
dis007,diet006,YÊU_CẦU_CHẾ_ĐỘ
,,
dis008,diet005,YÊU_CẦU_CHẾ_ĐỘ
dis008,diet009,YÊU_CẦU_CHẾ_ĐỘ
,,
dis009,diet004,YÊU_CẦU_CHẾ_ĐỘ
dis009,diet005,YÊU_CẦU_CHẾ_ĐỘ
,,
dis010,diet002,YÊU_CẦU_CHẾ_ĐỘ
dis010,diet005,YÊU_CẦU_CHẾ_ĐỘ
,,
dis011,diet005,YÊU_CẦU_CHẾ_ĐỘ
dis011,diet006,YÊU_CẦU_CHẾ_ĐỘ
,,
dis012,diet005,YÊU_CẦU_CHẾ_ĐỘ
dis012,diet006,YÊU_CẦU_CHẾ_ĐỘ
,,
dis013,diet007,YÊU_CẦU_CHẾ_ĐỘ
,,
dis014,diet005,YÊU_CẦU_CHẾ_ĐỘ
dis014,diet006,YÊU_CẦU_CHẾ_ĐỘ
,,
dis015,diet006,YÊU_CẦU_CHẾ_ĐỘ
dis015,diet008,YÊU_CẦU_CHẾ_ĐỘ
,,
dis016,diet006,YÊU_CẦU_CHẾ_ĐỘ
dis016,diet008,YÊU_CẦU_CHẾ_ĐỘ
,,
dis017,diet003,YÊU_CẦU_CHẾ_ĐỘ
dis017,diet005,YÊU_CẦU_CHẾ_ĐỘ
dis017,diet006,YÊU_CẦU_CHẾ_ĐỘ
,,
,,
dis018,diet003,YÊU_CẦU_CHẾ_ĐỘ
dis018,diet005,YÊU_CẦU_CHẾ_ĐỘ
,,
dis019,diet009,YÊU_CẦU_CHẾ_ĐỘ
,,
dis020,diet010,YÊU_CẦU_CHẾ_ĐỘ
,,
dis021,diet005,YÊU_CẦU_CHẾ_ĐỘ
dis021,diet010,YÊU_CẦU_CHẾ_ĐỘ
,,
dis022,diet003,YÊU_CẦU_CHẾ_ĐỘ
dis022,diet006,YÊU_CẦU_CHẾ_ĐỘ
,,
dis023,diet003,YÊU_CẦU_CHẾ_ĐỘ
,,
dis024,diet001,YÊU_CẦU_CHẾ_ĐỘ
dis024,diet008,YÊU_CẦU_CHẾ_ĐỘ
dis024,diet010,YÊU_CẦU_CHẾ_ĐỘ
,,
,,
dis025,diet003,YÊU_CẦU_CHẾ_ĐỘ
dis025,diet005,YÊU_CẦU_CHẾ_ĐỘ
,,
dis026,diet006,YÊU_CẦU_CHẾ_ĐỘ
dis026,diet010,YÊU_CẦU_CHẾ_ĐỘ
,,
dis027,diet006,YÊU_CẦU_CHẾ_ĐỘ
,,
dis028,diet006,YÊU_CẦU_CHẾ_ĐỘ
dis028,diet010,YÊU_CẦU_CHẾ_ĐỘ
,,
dis029,diet010,YÊU_CẦU_CHẾ_ĐỘ
,,
dis030,diet005,YÊU_CẦU_CHẾ_ĐỘ
dis030,diet008,YÊU_CẦU_CHẾ_ĐỘ
,,
,,
,,
diet001,cm004,KHUYẾN_NGHỊ
diet001,cm005,KHUYẾN_NGHỊ
diet001,cm012,KHUYẾN_NGHỊ
diet001,cm014,KHUYẾN_NGHỊ
,,
diet002,cm002,KHUYẾN_NGHỊ
diet002,cm003,KHUYẾN_NGHỊ
diet002,cm004,KHUYẾN_NGHỊ
diet002,cm014,KHUYẾN_NGHỊ
,,
diet003,cm005,KHUYẾN_NGHỊ
diet003,cm007,KHUYẾN_NGHỊ
diet003,cm008,KHUYẾN_NGHỊ
diet003,cm014,KHUYẾN_NGHỊ
,,
diet004,cm004,KHUYẾN_NGHỊ
diet004,cm005,KHUYẾN_NGHỊ
diet004,cm007,KHUYẾN_NGHỊ
diet004,cm014,KHUYẾN_NGHỊ
,,
diet005,cm004,KHUYẾN_NGHỊ
diet005,cm005,KHUYẾN_NGHỊ
diet005,cm007,KHUYẾN_NGHỊ
diet005,cm014,KHUYẾN_NGHỊ
,,
diet006,cm005,KHUYẾN_NGHỊ
diet006,cm008,KHUYẾN_NGHỊ
diet006,cm007,KHUYẾN_NGHỊ
diet006,cm014,KHUYẾN_NGHỊ
,,
diet007,cm002,KHUYẾN_NGHỊ
diet007,cm003,KHUYẾN_NGHỊ
diet007,cm006,KHUYẾN_NGHỊ
diet007,cm009,KHUYẾN_NGHỊ
,,
diet008,cm004,KHUYẾN_NGHỊ
diet008,cm005,KHUYẾN_NGHỊ
diet008,cm007,KHUYẾN_NGHỊ
diet008,cm008,KHUYẾN_NGHỊ
,,
diet009,cm004,KHUYẾN_NGHỊ
diet009,cm005,KHUYẾN_NGHỊ
diet009,cm007,KHUYẾN_NGHỊ
diet009,cm008,KHUYẾN_NGHỊ
,,
diet010,cm004,KHUYẾN_NGHỊ
diet010,cm005,KHUYẾN_NGHỊ
diet010,cm007,KHUYẾN_NGHỊ
diet010,cm012,KHUYẾN_NGHỊ
,,
,,
cm001,Dish001,ĐƯỢC_DÙNG_TRONG
cm001,Dish002,ĐƯỢC_DÙNG_TRONG
cm001,Dish003,ĐƯỢC_DÙNG_TRONG
cm001,Dish004,ĐƯỢC_DÙNG_TRONG
cm001,Dish005,ĐƯỢC_DÙNG_TRONG
cm001,Dish006,ĐƯỢC_DÙNG_TRONG
cm001,Dish007,ĐƯỢC_DÙNG_TRONG
cm001,Dish008,ĐƯỢC_DÙNG_TRONG
cm001,Dish009,ĐƯỢC_DÙNG_TRONG
cm001,Dish010,ĐƯỢC_DÙNG_TRONG
cm002,Dish011,ĐƯỢC_DÙNG_TRONG
cm002,Dish012,ĐƯỢC_DÙNG_TRONG
cm002,Dish013,ĐƯỢC_DÙNG_TRONG
cm002,Dish014,ĐƯỢC_DÙNG_TRONG
cm002,Dish015,ĐƯỢC_DÙNG_TRONG
cm002,Dish016,ĐƯỢC_DÙNG_TRONG
cm002,Dish017,ĐƯỢC_DÙNG_TRONG
cm002,Dish018,ĐƯỢC_DÙNG_TRONG
cm002,Dish019,ĐƯỢC_DÙNG_TRONG
cm002,Dish020,ĐƯỢC_DÙNG_TRONG
cm003,Dish021,ĐƯỢC_DÙNG_TRONG
cm003,Dish022,ĐƯỢC_DÙNG_TRONG
cm003,Dish023,ĐƯỢC_DÙNG_TRONG
cm003,Dish024,ĐƯỢC_DÙNG_TRONG
cm003,Dish025,ĐƯỢC_DÙNG_TRONG
cm003,Dish026,ĐƯỢC_DÙNG_TRONG
cm003,Dish027,ĐƯỢC_DÙNG_TRONG
cm003,Dish028,ĐƯỢC_DÙNG_TRONG
cm003,Dish029,ĐƯỢC_DÙNG_TRONG
cm003,Dish030,ĐƯỢC_DÙNG_TRONG
cm004,Dish031,ĐƯỢC_DÙNG_TRONG
cm004,Dish032,ĐƯỢC_DÙNG_TRONG
cm004,Dish033,ĐƯỢC_DÙNG_TRONG
cm004,Dish034,ĐƯỢC_DÙNG_TRONG
cm004,Dish035,ĐƯỢC_DÙNG_TRONG
cm004,Dish036,ĐƯỢC_DÙNG_TRONG
cm004,Dish037,ĐƯỢC_DÙNG_TRONG
cm004,Dish038,ĐƯỢC_DÙNG_TRONG
cm004,Dish039,ĐƯỢC_DÙNG_TRONG
cm004,Dish040,ĐƯỢC_DÙNG_TRONG
cm005,Dish041,ĐƯỢC_DÙNG_TRONG
cm005,Dish042,ĐƯỢC_DÙNG_TRONG
cm005,Dish043,ĐƯỢC_DÙNG_TRONG
cm005,Dish044,ĐƯỢC_DÙNG_TRONG
cm005,Dish045,ĐƯỢC_DÙNG_TRONG
cm005,Dish046,ĐƯỢC_DÙNG_TRONG
cm005,Dish047,ĐƯỢC_DÙNG_TRONG
cm005,Dish048,ĐƯỢC_DÙNG_TRONG
cm005,Dish049,ĐƯỢC_DÙNG_TRONG
cm005,Dish050,ĐƯỢC_DÙNG_TRONG
cm006,Dish051,ĐƯỢC_DÙNG_TRONG
cm006,Dish052,ĐƯỢC_DÙNG_TRONG
cm006,Dish053,ĐƯỢC_DÙNG_TRONG
cm006,Dish054,ĐƯỢC_DÙNG_TRONG
cm006,Dish055,ĐƯỢC_DÙNG_TRONG
cm006,Dish056,ĐƯỢC_DÙNG_TRONG
cm006,Dish057,ĐƯỢC_DÙNG_TRONG
cm006,Dish058,ĐƯỢC_DÙNG_TRONG
cm006,Dish059,ĐƯỢC_DÙNG_TRONG
cm006,Dish060,ĐƯỢC_DÙNG_TRONG
cm007,Dish061,ĐƯỢC_DÙNG_TRONG
cm007,Dish062,ĐƯỢC_DÙNG_TRONG
cm007,Dish063,ĐƯỢC_DÙNG_TRONG
cm007,Dish064,ĐƯỢC_DÙNG_TRONG
cm007,Dish065,ĐƯỢC_DÙNG_TRONG
cm007,Dish066,ĐƯỢC_DÙNG_TRONG
cm007,Dish067,ĐƯỢC_DÙNG_TRONG
cm007,Dish068,ĐƯỢC_DÙNG_TRONG
cm007,Dish069,ĐƯỢC_DÙNG_TRONG
cm007,Dish070,ĐƯỢC_DÙNG_TRONG
cm008,Dish071,ĐƯỢC_DÙNG_TRONG
cm008,Dish072,ĐƯỢC_DÙNG_TRONG
cm008,Dish073,ĐƯỢC_DÙNG_TRONG
cm008,Dish074,ĐƯỢC_DÙNG_TRONG
cm008,Dish075,ĐƯỢC_DÙNG_TRONG
cm008,Dish076,ĐƯỢC_DÙNG_TRONG
cm008,Dish077,ĐƯỢC_DÙNG_TRONG
cm008,Dish078,ĐƯỢC_DÙNG_TRONG
cm008,Dish079,ĐƯỢC_DÙNG_TRONG
cm008,Dish080,ĐƯỢC_DÙNG_TRONG
cm009,Dish081,ĐƯỢC_DÙNG_TRONG
cm009,Dish082,ĐƯỢC_DÙNG_TRONG
cm009,Dish083,ĐƯỢC_DÙNG_TRONG
cm009,Dish084,ĐƯỢC_DÙNG_TRONG
,,
,,
,,
,,
,,
,,
cm010,Dish085,ĐƯỢC_DÙNG_TRONG
cm010,Dish086,ĐƯỢC_DÙNG_TRONG
cm010,Dish087,ĐƯỢC_DÙNG_TRONG
cm010,Dish088,ĐƯỢC_DÙNG_TRONG
cm010,Dish089,ĐƯỢC_DÙNG_TRONG
cm010,Dish090,ĐƯỢC_DÙNG_TRONG
cm010,Dish091,ĐƯỢC_DÙNG_TRONG
cm010,Dish092,ĐƯỢC_DÙNG_TRONG
cm010,Dish093,ĐƯỢC_DÙNG_TRONG
cm010,Dish094,ĐƯỢC_DÙNG_TRONG
cm011,Dish095,ĐƯỢC_DÙNG_TRONG
cm011,Dish096,ĐƯỢC_DÙNG_TRONG
cm011,Dish097,ĐƯỢC_DÙNG_TRONG
cm011,Dish098,ĐƯỢC_DÙNG_TRONG
cm011,Dish099,ĐƯỢC_DÙNG_TRONG
cm011,Dish100,ĐƯỢC_DÙNG_TRONG
cm011,Dish101,ĐƯỢC_DÙNG_TRONG
cm011,Dish102,ĐƯỢC_DÙNG_TRONG
cm011,Dish103,ĐƯỢC_DÙNG_TRONG
cm011,Dish104,ĐƯỢC_DÙNG_TRONG
cm012,Dish105,ĐƯỢC_DÙNG_TRONG
cm012,Dish106,ĐƯỢC_DÙNG_TRONG
cm012,Dish107,ĐƯỢC_DÙNG_TRONG
cm012,Dish108,ĐƯỢC_DÙNG_TRONG
cm012,Dish109,ĐƯỢC_DÙNG_TRONG
cm012,Dish110,ĐƯỢC_DÙNG_TRONG
cm012,Dish111,ĐƯỢC_DÙNG_TRONG
cm012,Dish112,ĐƯỢC_DÙNG_TRONG
cm012,Dish113,ĐƯỢC_DÙNG_TRONG
cm012,Dish114,ĐƯỢC_DÙNG_TRONG
cm013,Dish115,ĐƯỢC_DÙNG_TRONG
cm013,Dish116,ĐƯỢC_DÙNG_TRONG
cm013,Dish117,ĐƯỢC_DÙNG_TRONG
cm013,Dish118,ĐƯỢC_DÙNG_TRONG
cm013,Dish119,ĐƯỢC_DÙNG_TRONG
cm013,Dish120,ĐƯỢC_DÙNG_TRONG
cm013,Dish121,ĐƯỢC_DÙNG_TRONG
cm013,Dish122,ĐƯỢC_DÙNG_TRONG
cm013,Dish123,ĐƯỢC_DÙNG_TRONG
cm013,Dish124,ĐƯỢC_DÙNG_TRONG
cm014,Dish125,ĐƯỢC_DÙNG_TRONG
cm014,Dish126,ĐƯỢC_DÙNG_TRONG
cm014,Dish127,ĐƯỢC_DÙNG_TRONG
cm014,Dish128,ĐƯỢC_DÙNG_TRONG
cm014,Dish129,ĐƯỢC_DÙNG_TRONG
cm014,Dish130,ĐƯỢC_DÙNG_TRONG
cm014,Dish131,ĐƯỢC_DÙNG_TRONG
cm014,Dish132,ĐƯỢC_DÙNG_TRONG
cm014,Dish133,ĐƯỢC_DÙNG_TRONG
cm014,Dish134,ĐƯỢC_DÙNG_TRONG
,,
cm001,Dish135,ĐƯỢC_DÙNG_TRONG
cm001,Dish136,ĐƯỢC_DÙNG_TRONG
cm001,Dish137,ĐƯỢC_DÙNG_TRONG
cm001,Dish138,ĐƯỢC_DÙNG_TRONG
cm001,Dish139,ĐƯỢC_DÙNG_TRONG
cm001,Dish140,ĐƯỢC_DÙNG_TRONG
cm001,Dish141,ĐƯỢC_DÙNG_TRONG
cm001,Dish142,ĐƯỢC_DÙNG_TRONG
cm001,Dish143,ĐƯỢC_DÙNG_TRONG
cm001,Dish144,ĐƯỢC_DÙNG_TRONG
cm001,Dish145,ĐƯỢC_DÙNG_TRONG
cm001,Dish146,ĐƯỢC_DÙNG_TRONG
cm001,Dish147,ĐƯỢC_DÙNG_TRONG
cm001,Dish148,ĐƯỢC_DÙNG_TRONG
cm001,Dish149,ĐƯỢC_DÙNG_TRONG
cm001,Dish150,ĐƯỢC_DÙNG_TRONG
cm001,Dish151,ĐƯỢC_DÙNG_TRONG
cm001,Dish152,ĐƯỢC_DÙNG_TRONG
cm001,Dish153,ĐƯỢC_DÙNG_TRONG
cm001,Dish154,ĐƯỢC_DÙNG_TRONG
,,
cm002,Dish155,ĐƯỢC_DÙNG_TRONG
cm002,Dish156,ĐƯỢC_DÙNG_TRONG
cm002,Dish157,ĐƯỢC_DÙNG_TRONG
cm002,Dish158,ĐƯỢC_DÙNG_TRONG
cm002,Dish159,ĐƯỢC_DÙNG_TRONG
cm002,Dish160,ĐƯỢC_DÙNG_TRONG
cm002,Dish161,ĐƯỢC_DÙNG_TRONG
cm002,Dish162,ĐƯỢC_DÙNG_TRONG
cm002,Dish163,ĐƯỢC_DÙNG_TRONG
cm002,Dish164,ĐƯỢC_DÙNG_TRONG
cm002,Dish165,ĐƯỢC_DÙNG_TRONG
cm002,Dish166,ĐƯỢC_DÙNG_TRONG
cm002,Dish167,ĐƯỢC_DÙNG_TRONG
cm002,Dish168,ĐƯỢC_DÙNG_TRONG
cm002,Dish169,ĐƯỢC_DÙNG_TRONG
cm002,Dish170,ĐƯỢC_DÙNG_TRONG
cm002,Dish171,ĐƯỢC_DÙNG_TRONG
cm002,Dish172,ĐƯỢC_DÙNG_TRONG
cm002,Dish173,ĐƯỢC_DÙNG_TRONG
cm002,Dish174,ĐƯỢC_DÙNG_TRONG
,,
cm003,Dish175,ĐƯỢC_DÙNG_TRONG
cm003,Dish176,ĐƯỢC_DÙNG_TRONG
cm003,Dish177,ĐƯỢC_DÙNG_TRONG
cm003,Dish178,ĐƯỢC_DÙNG_TRONG
cm003,Dish179,ĐƯỢC_DÙNG_TRONG
cm003,Dish180,ĐƯỢC_DÙNG_TRONG
cm003,Dish181,ĐƯỢC_DÙNG_TRONG
cm003,Dish182,ĐƯỢC_DÙNG_TRONG
cm003,Dish183,ĐƯỢC_DÙNG_TRONG
cm003,Dish184,ĐƯỢC_DÙNG_TRONG
cm003,Dish185,ĐƯỢC_DÙNG_TRONG
cm003,Dish186,ĐƯỢC_DÙNG_TRONG
cm003,Dish187,ĐƯỢC_DÙNG_TRONG
cm003,Dish188,ĐƯỢC_DÙNG_TRONG
cm003,Dish189,ĐƯỢC_DÙNG_TRONG
cm003,Dish190,ĐƯỢC_DÙNG_TRONG
cm003,Dish191,ĐƯỢC_DÙNG_TRONG
cm003,Dish192,ĐƯỢC_DÙNG_TRONG
cm003,Dish193,ĐƯỢC_DÙNG_TRONG
cm003,Dish194,ĐƯỢC_DÙNG_TRONG
,,
cm004,Dish195,ĐƯỢC_DÙNG_TRONG
cm004,Dish196,ĐƯỢC_DÙNG_TRONG
cm004,Dish197,ĐƯỢC_DÙNG_TRONG
cm004,Dish198,ĐƯỢC_DÙNG_TRONG
cm004,Dish199,ĐƯỢC_DÙNG_TRONG
cm004,Dish200,ĐƯỢC_DÙNG_TRONG
cm004,Dish201,ĐƯỢC_DÙNG_TRONG
cm004,Dish202,ĐƯỢC_DÙNG_TRONG
cm004,Dish203,ĐƯỢC_DÙNG_TRONG
cm004,Dish204,ĐƯỢC_DÙNG_TRONG
cm004,Dish205,ĐƯỢC_DÙNG_TRONG
cm004,Dish206,ĐƯỢC_DÙNG_TRONG
cm004,Dish207,ĐƯỢC_DÙNG_TRONG
cm004,Dish208,ĐƯỢC_DÙNG_TRONG
cm004,Dish209,ĐƯỢC_DÙNG_TRONG
cm004,Dish210,ĐƯỢC_DÙNG_TRONG
cm004,Dish211,ĐƯỢC_DÙNG_TRONG
cm004,Dish212,ĐƯỢC_DÙNG_TRONG
cm004,Dish213,ĐƯỢC_DÙNG_TRONG
cm004,Dish214,ĐƯỢC_DÙNG_TRONG
,,
cm005,Dish215,ĐƯỢC_DÙNG_TRONG
cm005,Dish216,ĐƯỢC_DÙNG_TRONG
cm005,Dish217,ĐƯỢC_DÙNG_TRONG
cm005,Dish218,ĐƯỢC_DÙNG_TRONG
cm005,Dish219,ĐƯỢC_DÙNG_TRONG
cm005,Dish220,ĐƯỢC_DÙNG_TRONG
cm005,Dish221,ĐƯỢC_DÙNG_TRONG
cm005,Dish222,ĐƯỢC_DÙNG_TRONG
cm005,Dish223,ĐƯỢC_DÙNG_TRONG
cm005,Dish224,ĐƯỢC_DÙNG_TRONG
cm005,Dish225,ĐƯỢC_DÙNG_TRONG
cm005,Dish226,ĐƯỢC_DÙNG_TRONG
cm005,Dish227,ĐƯỢC_DÙNG_TRONG
cm005,Dish228,ĐƯỢC_DÙNG_TRONG
cm005,Dish229,ĐƯỢC_DÙNG_TRONG
cm005,Dish230,ĐƯỢC_DÙNG_TRONG
cm005,Dish231,ĐƯỢC_DÙNG_TRONG
cm005,Dish232,ĐƯỢC_DÙNG_TRONG
cm005,Dish233,ĐƯỢC_DÙNG_TRONG
cm005,Dish234,ĐƯỢC_DÙNG_TRONG
,,
cm006,Dish235,ĐƯỢC_DÙNG_TRONG
cm006,Dish236,ĐƯỢC_DÙNG_TRONG
cm006,Dish237,ĐƯỢC_DÙNG_TRONG
cm006,Dish238,ĐƯỢC_DÙNG_TRONG
cm006,Dish239,ĐƯỢC_DÙNG_TRONG
cm006,Dish240,ĐƯỢC_DÙNG_TRONG
cm006,Dish241,ĐƯỢC_DÙNG_TRONG
cm006,Dish242,ĐƯỢC_DÙNG_TRONG
cm006,Dish243,ĐƯỢC_DÙNG_TRONG
cm006,Dish244,ĐƯỢC_DÙNG_TRONG
cm006,Dish245,ĐƯỢC_DÙNG_TRONG
cm006,Dish246,ĐƯỢC_DÙNG_TRONG
cm006,Dish247,ĐƯỢC_DÙNG_TRONG
cm006,Dish248,ĐƯỢC_DÙNG_TRONG
cm006,Dish249,ĐƯỢC_DÙNG_TRONG
cm006,Dish250,ĐƯỢC_DÙNG_TRONG
cm006,Dish251,ĐƯỢC_DÙNG_TRONG
cm006,Dish252,ĐƯỢC_DÙNG_TRONG
cm006,Dish253,ĐƯỢC_DÙNG_TRONG
cm006,Dish254,ĐƯỢC_DÙNG_TRONG
,,
cm007,Dish255,ĐƯỢC_DÙNG_TRONG
cm007,Dish256,ĐƯỢC_DÙNG_TRONG
cm007,Dish257,ĐƯỢC_DÙNG_TRONG
cm007,Dish258,ĐƯỢC_DÙNG_TRONG
cm007,Dish259,ĐƯỢC_DÙNG_TRONG
cm007,Dish260,ĐƯỢC_DÙNG_TRONG
cm007,Dish261,ĐƯỢC_DÙNG_TRONG
cm007,Dish262,ĐƯỢC_DÙNG_TRONG
cm007,Dish263,ĐƯỢC_DÙNG_TRONG
cm007,Dish264,ĐƯỢC_DÙNG_TRONG
cm007,Dish265,ĐƯỢC_DÙNG_TRONG
cm007,Dish266,ĐƯỢC_DÙNG_TRONG
cm007,Dish267,ĐƯỢC_DÙNG_TRONG
cm007,Dish268,ĐƯỢC_DÙNG_TRONG
cm007,Dish269,ĐƯỢC_DÙNG_TRONG
cm007,Dish270,ĐƯỢC_DÙNG_TRONG
cm007,Dish271,ĐƯỢC_DÙNG_TRONG
cm007,Dish272,ĐƯỢC_DÙNG_TRONG
cm007,Dish273,ĐƯỢC_DÙNG_TRONG
cm007,Dish274,ĐƯỢC_DÙNG_TRONG
,,
cm008,Dish275,ĐƯỢC_DÙNG_TRONG
cm008,Dish276,ĐƯỢC_DÙNG_TRONG
cm008,Dish277,ĐƯỢC_DÙNG_TRONG
cm008,Dish278,ĐƯỢC_DÙNG_TRONG
cm008,Dish279,ĐƯỢC_DÙNG_TRONG
cm008,Dish280,ĐƯỢC_DÙNG_TRONG
cm008,Dish281,ĐƯỢC_DÙNG_TRONG
cm008,Dish282,ĐƯỢC_DÙNG_TRONG
cm008,Dish283,ĐƯỢC_DÙNG_TRONG
cm008,Dish284,ĐƯỢC_DÙNG_TRONG
cm008,Dish285,ĐƯỢC_DÙNG_TRONG
cm008,Dish286,ĐƯỢC_DÙNG_TRONG
cm008,Dish287,ĐƯỢC_DÙNG_TRONG
cm008,Dish288,ĐƯỢC_DÙNG_TRONG
cm008,Dish289,ĐƯỢC_DÙNG_TRONG
cm008,Dish290,ĐƯỢC_DÙNG_TRONG
cm008,Dish291,ĐƯỢC_DÙNG_TRONG
cm008,Dish292,ĐƯỢC_DÙNG_TRONG
cm008,Dish293,ĐƯỢC_DÙNG_TRONG
cm008,Dish294,ĐƯỢC_DÙNG_TRONG
,,
cm009,Dish295,ĐƯỢC_DÙNG_TRONG
cm009,Dish296,ĐƯỢC_DÙNG_TRONG
cm009,Dish297,ĐƯỢC_DÙNG_TRONG
cm009,Dish298,ĐƯỢC_DÙNG_TRONG
cm009,Dish299,ĐƯỢC_DÙNG_TRONG
cm009,Dish300,ĐƯỢC_DÙNG_TRONG
cm009,Dish301,ĐƯỢC_DÙNG_TRONG
cm009,Dish302,ĐƯỢC_DÙNG_TRONG
cm009,Dish303,ĐƯỢC_DÙNG_TRONG
cm009,Dish304,ĐƯỢC_DÙNG_TRONG
cm009,Dish305,ĐƯỢC_DÙNG_TRONG
,,
,,
,,
,,
,,
,,
,,
,,
,,
,,
cm010,Dish306,ĐƯỢC_DÙNG_TRONG
cm010,Dish307,ĐƯỢC_DÙNG_TRONG
cm010,Dish308,ĐƯỢC_DÙNG_TRONG
cm010,Dish309,ĐƯỢC_DÙNG_TRONG
cm010,Dish310,ĐƯỢC_DÙNG_TRONG
cm010,Dish311,ĐƯỢC_DÙNG_TRONG
cm010,Dish312,ĐƯỢC_DÙNG_TRONG
cm010,Dish313,ĐƯỢC_DÙNG_TRONG
cm010,Dish314,ĐƯỢC_DÙNG_TRONG
cm010,Dish315,ĐƯỢC_DÙNG_TRONG
cm010,Dish316,ĐƯỢC_DÙNG_TRONG
cm010,Dish317,ĐƯỢC_DÙNG_TRONG
cm010,Dish318,ĐƯỢC_DÙNG_TRONG
cm010,Dish319,ĐƯỢC_DÙNG_TRONG
cm010,Dish320,ĐƯỢC_DÙNG_TRONG
cm010,Dish321,ĐƯỢC_DÙNG_TRONG
cm010,Dish322,ĐƯỢC_DÙNG_TRONG
cm010,Dish323,ĐƯỢC_DÙNG_TRONG
cm010,Dish324,ĐƯỢC_DÙNG_TRONG
cm010,Dish325,ĐƯỢC_DÙNG_TRONG
,,
cm011,Dish326,ĐƯỢC_DÙNG_TRONG
cm011,Dish327,ĐƯỢC_DÙNG_TRONG
cm011,Dish328,ĐƯỢC_DÙNG_TRONG
cm011,Dish329,ĐƯỢC_DÙNG_TRONG
cm011,Dish330,ĐƯỢC_DÙNG_TRONG
cm011,Dish331,ĐƯỢC_DÙNG_TRONG
cm011,Dish332,ĐƯỢC_DÙNG_TRONG
cm011,Dish333,ĐƯỢC_DÙNG_TRONG
cm011,Dish334,ĐƯỢC_DÙNG_TRONG
cm011,Dish335,ĐƯỢC_DÙNG_TRONG
cm011,Dish336,ĐƯỢC_DÙNG_TRONG
cm011,Dish337,ĐƯỢC_DÙNG_TRONG
cm011,Dish338,ĐƯỢC_DÙNG_TRONG
cm011,Dish339,ĐƯỢC_DÙNG_TRONG
cm011,Dish340,ĐƯỢC_DÙNG_TRONG
cm011,Dish341,ĐƯỢC_DÙNG_TRONG
cm011,Dish342,ĐƯỢC_DÙNG_TRONG
cm011,Dish343,ĐƯỢC_DÙNG_TRONG
cm011,Dish344,ĐƯỢC_DÙNG_TRONG
cm011,Dish345,ĐƯỢC_DÙNG_TRONG
cm011,Dish346,
,,
cm012,Dish347,ĐƯỢC_DÙNG_TRONG
cm012,Dish348,ĐƯỢC_DÙNG_TRONG
cm012,Dish349,ĐƯỢC_DÙNG_TRONG
cm012,Dish350,ĐƯỢC_DÙNG_TRONG
cm012,Dish351,ĐƯỢC_DÙNG_TRONG
cm012,Dish352,ĐƯỢC_DÙNG_TRONG
cm012,Dish353,ĐƯỢC_DÙNG_TRONG
cm012,Dish354,ĐƯỢC_DÙNG_TRONG
cm012,Dish355,ĐƯỢC_DÙNG_TRONG
cm012,Dish356,ĐƯỢC_DÙNG_TRONG
cm012,Dish357,ĐƯỢC_DÙNG_TRONG
cm012,Dish358,ĐƯỢC_DÙNG_TRONG
cm012,Dish359,ĐƯỢC_DÙNG_TRONG
cm012,Dish360,ĐƯỢC_DÙNG_TRONG
cm012,Dish361,ĐƯỢC_DÙNG_TRONG
cm012,Dish362,ĐƯỢC_DÙNG_TRONG
cm012,Dish363,ĐƯỢC_DÙNG_TRONG
cm012,Dish364,ĐƯỢC_DÙNG_TRONG
cm012,Dish365,ĐƯỢC_DÙNG_TRONG
cm012,Dish366,ĐƯỢC_DÙNG_TRONG
,,
cm013,Dish367,ĐƯỢC_DÙNG_TRONG
cm013,Dish368,ĐƯỢC_DÙNG_TRONG
cm013,Dish369,ĐƯỢC_DÙNG_TRONG
cm013,Dish370,ĐƯỢC_DÙNG_TRONG
cm013,Dish371,ĐƯỢC_DÙNG_TRONG
cm013,Dish372,ĐƯỢC_DÙNG_TRONG
cm013,Dish373,ĐƯỢC_DÙNG_TRONG
cm013,Dish374,ĐƯỢC_DÙNG_TRONG
cm013,Dish375,ĐƯỢC_DÙNG_TRONG
cm013,Dish376,ĐƯỢC_DÙNG_TRONG
cm013,Dish377,ĐƯỢC_DÙNG_TRONG
cm013,Dish378,ĐƯỢC_DÙNG_TRONG
cm013,Dish379,ĐƯỢC_DÙNG_TRONG
cm013,Dish380,ĐƯỢC_DÙNG_TRONG
cm013,Dish381,ĐƯỢC_DÙNG_TRONG
cm013,Dish382,ĐƯỢC_DÙNG_TRONG
cm013,Dish383,ĐƯỢC_DÙNG_TRONG
cm013,Dish384,ĐƯỢC_DÙNG_TRONG
cm013,Dish385,ĐƯỢC_DÙNG_TRONG
cm013,Dish386,ĐƯỢC_DÙNG_TRONG
,,
,,
,,
cm014,Dish387,ĐƯỢC_DÙNG_TRONG
cm014,Dish388,ĐƯỢC_DÙNG_TRONG
cm014,Dish389,ĐƯỢC_DÙNG_TRONG
cm014,Dish390,ĐƯỢC_DÙNG_TRONG
cm014,Dish391,ĐƯỢC_DÙNG_TRONG
cm014,Dish392,ĐƯỢC_DÙNG_TRONG
cm014,Dish393,ĐƯỢC_DÙNG_TRONG
cm014,Dish394,ĐƯỢC_DÙNG_TRONG
cm014,Dish395,ĐƯỢC_DÙNG_TRONG
cm014,Dish396,ĐƯỢC_DÙNG_TRONG
cm014,Dish397,ĐƯỢC_DÙNG_TRONG
cm014,Dish398,ĐƯỢC_DÙNG_TRONG
cm014,Dish399,ĐƯỢC_DÙNG_TRONG
cm014,Dish400,ĐƯỢC_DÙNG_TRONG
cm014,Dish401,ĐƯỢC_DÙNG_TRONG
cm014,Dish402,ĐƯỢC_DÙNG_TRONG
cm014,Dish403,ĐƯỢC_DÙNG_TRONG
cm014,Dish404,ĐƯỢC_DÙNG_TRONG
cm014,Dish405,ĐƯỢC_DÙNG_TRONG
cm014,Dish406,ĐƯỢC_DÙNG_TRONG
,,
,,
,,
,,
,,
,,
,,
,,
,,
,,
,,
,,
,,
,,
,,
,,
,,
,,
,,
,,
,,
,,
,,
,,
,,
,,
,,
,,
,,
,,
,,
,,
,,
,,
,,
,,
,,
,,
,,
,,
,,
,,
,,
,,
,,
,,
,,
,,
,,
,,
,,
,,
,,
,,
,,
,,
,,
,,
,,
,,
,,
,,
,,
,,
,,
,,
,,
,,
,,
,,
,,
,,
,,
,,
,,
,,
,,
,,
,,
,,
,,
,,
,,
,,
,,
,,
,,
,,
,,
,,
,,
,,
,,
,,
,,
,,
,,
,,
,,
,,
,,
,,
,,
,,
,,
,,
,,
,,
,,
,,
,,
,,
,,
,,
,,
,,
,,
,,
,,
,,
,,
,,
,,
,,
,,
dish001,diet001,PHÙ_HỢP_VỚI_CHẾ_ĐỘ
dish001,diet002,PHÙ_HỢP_VỚI_CHẾ_ĐỘ
dish001,diet004,PHÙ_HỢP_VỚI_CHẾ_ĐỘ
dish002,diet003,PHÙ_HỢP_VỚI_CHẾ_ĐỘ
dish002,diet005,PHÙ_HỢP_VỚI_CHẾ_ĐỘ
dish001,diet005,PHÙ_HỢP_VỚI_CHẾ_ĐỘ
dish003,diet005,PHÙ_HỢP_VỚI_CHẾ_ĐỘ
dish001,emo001,PHÙ_HỢP_CẢM_XÚC
dish002,wea003,PHÙ_HỢP_THỜI_TIẾT
dish003,tod003,PHÙ_HỢP_THỜI_GIAN
dish002,ing004,CÓ_NGUYÊN_LIỆU
dish001,ing002,CÓ_NGUYÊN_LIỆU
dish003,ing005,CÓ_NGUYÊN_LIỆU
dish001,ing010,CÓ_NGUYÊN_LIỆU
dish001,ing006,CÓ_NGUYÊN_LIỆU
dish006,ing007,CÓ_NGUYÊN_LIỆU
dish004,ing001,CÓ_NGUYÊN_LIỆU
,,
,,
,,
,,
,,
,,
,,
,,
Dish001,Bmi001,PHÙ_HỢP_VỚI_BMI
Dish001,Bmi002,PHÙ_HỢP_VỚI_BMI
Dish002,Bmi001,PHÙ_HỢP_VỚI_BMI
Dish002,Bmi002,PHÙ_HỢP_VỚI_BMI
Dish003,Bmi001,PHÙ_HỢP_VỚI_BMI
Dish003,Bmi002,PHÙ_HỢP_VỚI_BMI
Dish004,Bmi001,PHÙ_HỢP_VỚI_BMI
Dish004,Bmi002,PHÙ_HỢP_VỚI_BMI
Dish005,Bmi001,PHÙ_HỢP_VỚI_BMI
Dish005,Bmi002,PHÙ_HỢP_VỚI_BMI
Dish006,Bmi001,PHÙ_HỢP_VỚI_BMI
Dish006,Bmi002,PHÙ_HỢP_VỚI_BMI
Dish007,Bmi001,PHÙ_HỢP_VỚI_BMI
Dish007,Bmi002,PHÙ_HỢP_VỚI_BMI
Dish008,Bmi001,PHÙ_HỢP_VỚI_BMI
Dish008,Bmi002,PHÙ_HỢP_VỚI_BMI
Dish009,Bmi001,PHÙ_HỢP_VỚI_BMI
Dish009,Bmi002,PHÙ_HỢP_VỚI_BMI
Dish010,Bmi001,PHÙ_HỢP_VỚI_BMI
Dish010,Bmi002,PHÙ_HỢP_VỚI_BMI
Dish011,Bmi001,PHÙ_HỢP_VỚI_BMI
Dish011,Bmi002,PHÙ_HỢP_VỚI_BMI
Dish012,Bmi001,PHÙ_HỢP_VỚI_BMI
Dish012,Bmi002,PHÙ_HỢP_VỚI_BMI
Dish013,Bmi001,PHÙ_HỢP_VỚI_BMI
Dish013,Bmi002,PHÙ_HỢP_VỚI_BMI
Dish014,Bmi001,PHÙ_HỢP_VỚI_BMI
Dish014,Bmi002,PHÙ_HỢP_VỚI_BMI
Dish015,Bmi001,PHÙ_HỢP_VỚI_BMI
Dish015,Bmi002,PHÙ_HỢP_VỚI_BMI
Dish016,Bmi001,PHÙ_HỢP_VỚI_BMI
Dish016,Bmi002,PHÙ_HỢP_VỚI_BMI
Dish017,Bmi001,PHÙ_HỢP_VỚI_BMI
Dish017,Bmi002,PHÙ_HỢP_VỚI_BMI
Dish018,Bmi001,PHÙ_HỢP_VỚI_BMI
Dish018,Bmi002,PHÙ_HỢP_VỚI_BMI
Dish019,Bmi001,PHÙ_HỢP_VỚI_BMI
Dish019,Bmi002,PHÙ_HỢP_VỚI_BMI
Dish020,Bmi001,PHÙ_HỢP_VỚI_BMI
Dish020,Bmi002,PHÙ_HỢP_VỚI_BMI
Dish021,Bmi001,PHÙ_HỢP_VỚI_BMI
Dish021,Bmi002,PHÙ_HỢP_VỚI_BMI
Dish022,Bmi001,PHÙ_HỢP_VỚI_BMI
Dish022,Bmi002,PHÙ_HỢP_VỚI_BMI
Dish023,Bmi001,PHÙ_HỢP_VỚI_BMI
Dish023,Bmi002,PHÙ_HỢP_VỚI_BMI
Dish024,Bmi001,PHÙ_HỢP_VỚI_BMI
Dish024,Bmi002,PHÙ_HỢP_VỚI_BMI
Dish025,Bmi001,PHÙ_HỢP_VỚI_BMI
Dish025,Bmi002,PHÙ_HỢP_VỚI_BMI
Dish026,Bmi001,PHÙ_HỢP_VỚI_BMI
Dish026,Bmi002,PHÙ_HỢP_VỚI_BMI
Dish027,Bmi001,PHÙ_HỢP_VỚI_BMI
Dish027,Bmi002,PHÙ_HỢP_VỚI_BMI
Dish028,Bmi001,PHÙ_HỢP_VỚI_BMI
Dish028,Bmi002,PHÙ_HỢP_VỚI_BMI
Dish029,Bmi001,PHÙ_HỢP_VỚI_BMI
Dish029,Bmi002,PHÙ_HỢP_VỚI_BMI
Dish030,Bmi001,PHÙ_HỢP_VỚI_BMI
Dish030,Bmi002,PHÙ_HỢP_VỚI_BMI
Dish031,Bmi001,PHÙ_HỢP_VỚI_BMI
Dish031,Bmi002,PHÙ_HỢP_VỚI_BMI
Dish031,Bmi003,PHÙ_HỢP_VỚI_BMI
Dish031,Bmi004,PHÙ_HỢP_VỚI_BMI
Dish032,Bmi001,PHÙ_HỢP_VỚI_BMI
Dish032,Bmi002,PHÙ_HỢP_VỚI_BMI
Dish032,Bmi003,PHÙ_HỢP_VỚI_BMI
Dish032,Bmi004,PHÙ_HỢP_VỚI_BMI
Dish033,Bmi001,PHÙ_HỢP_VỚI_BMI
Dish033,Bmi002,PHÙ_HỢP_VỚI_BMI
Dish033,Bmi003,PHÙ_HỢP_VỚI_BMI
Dish033,Bmi004,PHÙ_HỢP_VỚI_BMI
Dish034,Bmi001,PHÙ_HỢP_VỚI_BMI
Dish034,Bmi002,PHÙ_HỢP_VỚI_BMI
Dish034,Bmi003,PHÙ_HỢP_VỚI_BMI
Dish034,Bmi004,PHÙ_HỢP_VỚI_BMI
Dish035,Bmi001,PHÙ_HỢP_VỚI_BMI
Dish035,Bmi002,PHÙ_HỢP_VỚI_BMI
Dish035,Bmi003,PHÙ_HỢP_VỚI_BMI
Dish035,Bmi004,PHÙ_HỢP_VỚI_BMI
Dish036,Bmi001,PHÙ_HỢP_VỚI_BMI
Dish036,Bmi002,PHÙ_HỢP_VỚI_BMI
Dish036,Bmi003,PHÙ_HỢP_VỚI_BMI
Dish036,Bmi004,PHÙ_HỢP_VỚI_BMI
Dish037,Bmi001,PHÙ_HỢP_VỚI_BMI
Dish037,Bmi002,PHÙ_HỢP_VỚI_BMI
Dish037,Bmi003,PHÙ_HỢP_VỚI_BMI
Dish037,Bmi004,PHÙ_HỢP_VỚI_BMI
Dish038,Bmi001,PHÙ_HỢP_VỚI_BMI
Dish038,Bmi002,PHÙ_HỢP_VỚI_BMI
Dish038,Bmi003,PHÙ_HỢP_VỚI_BMI
Dish038,Bmi004,PHÙ_HỢP_VỚI_BMI
Dish039,Bmi001,PHÙ_HỢP_VỚI_BMI
Dish039,Bmi002,PHÙ_HỢP_VỚI_BMI
Dish039,Bmi003,PHÙ_HỢP_VỚI_BMI
Dish039,Bmi004,PHÙ_HỢP_VỚI_BMI
Dish040,Bmi001,PHÙ_HỢP_VỚI_BMI
Dish040,Bmi002,PHÙ_HỢP_VỚI_BMI
Dish040,Bmi003,PHÙ_HỢP_VỚI_BMI
Dish040,Bmi004,PHÙ_HỢP_VỚI_BMI
Dish041,Bmi001,PHÙ_HỢP_VỚI_BMI
Dish041,Bmi002,PHÙ_HỢP_VỚI_BMI
Dish041,Bmi003,PHÙ_HỢP_VỚI_BMI
Dish041,Bmi004,PHÙ_HỢP_VỚI_BMI
Dish042,Bmi001,PHÙ_HỢP_VỚI_BMI
Dish042,Bmi002,PHÙ_HỢP_VỚI_BMI
Dish042,Bmi003,PHÙ_HỢP_VỚI_BMI
Dish042,Bmi004,PHÙ_HỢP_VỚI_BMI
Dish043,Bmi001,PHÙ_HỢP_VỚI_BMI
Dish043,Bmi002,PHÙ_HỢP_VỚI_BMI
Dish043,Bmi003,PHÙ_HỢP_VỚI_BMI
Dish043,Bmi004,PHÙ_HỢP_VỚI_BMI
Dish044,Bmi001,PHÙ_HỢP_VỚI_BMI
Dish044,Bmi002,PHÙ_HỢP_VỚI_BMI
Dish044,Bmi003,PHÙ_HỢP_VỚI_BMI
Dish044,Bmi004,PHÙ_HỢP_VỚI_BMI
Dish045,Bmi001,PHÙ_HỢP_VỚI_BMI
Dish045,Bmi002,PHÙ_HỢP_VỚI_BMI
Dish045,Bmi003,PHÙ_HỢP_VỚI_BMI
Dish045,Bmi004,PHÙ_HỢP_VỚI_BMI
Dish046,Bmi001,PHÙ_HỢP_VỚI_BMI
Dish046,Bmi002,PHÙ_HỢP_VỚI_BMI
Dish046,Bmi003,PHÙ_HỢP_VỚI_BMI
Dish046,Bmi004,PHÙ_HỢP_VỚI_BMI
Dish047,Bmi001,PHÙ_HỢP_VỚI_BMI
Dish047,Bmi002,PHÙ_HỢP_VỚI_BMI
Dish047,Bmi003,PHÙ_HỢP_VỚI_BMI
Dish047,Bmi004,PHÙ_HỢP_VỚI_BMI
Dish048,Bmi001,PHÙ_HỢP_VỚI_BMI
Dish048,Bmi002,PHÙ_HỢP_VỚI_BMI
Dish048,Bmi003,PHÙ_HỢP_VỚI_BMI
Dish048,Bmi004,PHÙ_HỢP_VỚI_BMI
Dish049,Bmi001,PHÙ_HỢP_VỚI_BMI
Dish049,Bmi002,PHÙ_HỢP_VỚI_BMI
Dish049,Bmi003,PHÙ_HỢP_VỚI_BMI
Dish049,Bmi004,PHÙ_HỢP_VỚI_BMI
Dish050,Bmi001,PHÙ_HỢP_VỚI_BMI
Dish050,Bmi002,PHÙ_HỢP_VỚI_BMI
Dish050,Bmi003,PHÙ_HỢP_VỚI_BMI
Dish050,Bmi004,PHÙ_HỢP_VỚI_BMI
Dish051,Bmi001,PHÙ_HỢP_VỚI_BMI
Dish051,Bmi002,PHÙ_HỢP_VỚI_BMI
Dish052,Bmi001,PHÙ_HỢP_VỚI_BMI
Dish052,Bmi002,PHÙ_HỢP_VỚI_BMI
Dish053,Bmi001,PHÙ_HỢP_VỚI_BMI
Dish053,Bmi002,PHÙ_HỢP_VỚI_BMI
Dish054,Bmi001,PHÙ_HỢP_VỚI_BMI
Dish054,Bmi002,PHÙ_HỢP_VỚI_BMI
Dish055,Bmi001,PHÙ_HỢP_VỚI_BMI
Dish055,Bmi002,PHÙ_HỢP_VỚI_BMI
Dish056,Bmi001,PHÙ_HỢP_VỚI_BMI
Dish056,Bmi002,PHÙ_HỢP_VỚI_BMI
Dish057,Bmi001,PHÙ_HỢP_VỚI_BMI
Dish057,Bmi002,PHÙ_HỢP_VỚI_BMI
Dish058,Bmi001,PHÙ_HỢP_VỚI_BMI
Dish058,Bmi002,PHÙ_HỢP_VỚI_BMI
Dish059,Bmi001,PHÙ_HỢP_VỚI_BMI
Dish059,Bmi002,PHÙ_HỢP_VỚI_BMI
Dish060,Bmi001,PHÙ_HỢP_VỚI_BMI
Dish060,Bmi002,PHÙ_HỢP_VỚI_BMI
Dish061,Bmi001,PHÙ_HỢP_VỚI_BMI
Dish061,Bmi002,PHÙ_HỢP_VỚI_BMI
Dish061,Bmi003,PHÙ_HỢP_VỚI_BMI
Dish061,Bmi004,PHÙ_HỢP_VỚI_BMI
Dish062,Bmi001,PHÙ_HỢP_VỚI_BMI
Dish062,Bmi002,PHÙ_HỢP_VỚI_BMI
Dish062,Bmi003,PHÙ_HỢP_VỚI_BMI
Dish062,Bmi004,PHÙ_HỢP_VỚI_BMI
Dish063,Bmi001,PHÙ_HỢP_VỚI_BMI
Dish063,Bmi002,PHÙ_HỢP_VỚI_BMI
Dish063,Bmi003,PHÙ_HỢP_VỚI_BMI
Dish063,Bmi004,PHÙ_HỢP_VỚI_BMI
Dish064,Bmi001,PHÙ_HỢP_VỚI_BMI
Dish064,Bmi002,PHÙ_HỢP_VỚI_BMI
Dish064,Bmi003,PHÙ_HỢP_VỚI_BMI
Dish064,Bmi004,PHÙ_HỢP_VỚI_BMI
Dish065,Bmi001,PHÙ_HỢP_VỚI_BMI
Dish065,Bmi002,PHÙ_HỢP_VỚI_BMI
Dish065,Bmi003,PHÙ_HỢP_VỚI_BMI
Dish065,Bmi004,PHÙ_HỢP_VỚI_BMI
Dish066,Bmi001,PHÙ_HỢP_VỚI_BMI
Dish066,Bmi002,PHÙ_HỢP_VỚI_BMI
Dish066,Bmi003,PHÙ_HỢP_VỚI_BMI
Dish066,Bmi004,PHÙ_HỢP_VỚI_BMI
Dish067,Bmi001,PHÙ_HỢP_VỚI_BMI
Dish067,Bmi002,PHÙ_HỢP_VỚI_BMI
Dish067,Bmi003,PHÙ_HỢP_VỚI_BMI
Dish067,Bmi004,PHÙ_HỢP_VỚI_BMI
Dish068,Bmi001,PHÙ_HỢP_VỚI_BMI
Dish068,Bmi002,PHÙ_HỢP_VỚI_BMI
Dish068,Bmi003,PHÙ_HỢP_VỚI_BMI
Dish068,Bmi004,PHÙ_HỢP_VỚI_BMI
Dish069,Bmi001,PHÙ_HỢP_VỚI_BMI
Dish069,Bmi002,PHÙ_HỢP_VỚI_BMI
Dish069,Bmi003,PHÙ_HỢP_VỚI_BMI
Dish069,Bmi004,PHÙ_HỢP_VỚI_BMI
Dish070,Bmi001,PHÙ_HỢP_VỚI_BMI
Dish070,Bmi002,PHÙ_HỢP_VỚI_BMI
Dish070,Bmi003,PHÙ_HỢP_VỚI_BMI
Dish070,Bmi004,PHÙ_HỢP_VỚI_BMI
Dish071,Bmi001,PHÙ_HỢP_VỚI_BMI
Dish071,Bmi002,PHÙ_HỢP_VỚI_BMI
Dish072,Bmi001,PHÙ_HỢP_VỚI_BMI
Dish072,Bmi002,PHÙ_HỢP_VỚI_BMI
Dish073,Bmi001,PHÙ_HỢP_VỚI_BMI
Dish073,Bmi002,PHÙ_HỢP_VỚI_BMI
Dish074,Bmi001,PHÙ_HỢP_VỚI_BMI
Dish074,Bmi002,PHÙ_HỢP_VỚI_BMI
Dish075,Bmi001,PHÙ_HỢP_VỚI_BMI
Dish075,Bmi002,PHÙ_HỢP_VỚI_BMI
Dish076,Bmi001,PHÙ_HỢP_VỚI_BMI
Dish076,Bmi002,PHÙ_HỢP_VỚI_BMI
Dish077,Bmi001,PHÙ_HỢP_VỚI_BMI
Dish077,Bmi002,PHÙ_HỢP_VỚI_BMI
Dish078,Bmi001,PHÙ_HỢP_VỚI_BMI
Dish078,Bmi002,PHÙ_HỢP_VỚI_BMI
Dish079,Bmi001,PHÙ_HỢP_VỚI_BMI
Dish079,Bmi002,PHÙ_HỢP_VỚI_BMI
Dish080,Bmi001,PHÙ_HỢP_VỚI_BMI
Dish080,Bmi002,PHÙ_HỢP_VỚI_BMI
Dish081,Bmi001,PHÙ_HỢP_VỚI_BMI
Dish081,Bmi002,PHÙ_HỢP_VỚI_BMI
Dish082,Bmi001,PHÙ_HỢP_VỚI_BMI
Dish082,Bmi002,PHÙ_HỢP_VỚI_BMI
Dish083,Bmi001,PHÙ_HỢP_VỚI_BMI
Dish083,Bmi002,PHÙ_HỢP_VỚI_BMI
Dish084,Bmi001,PHÙ_HỢP_VỚI_BMI
Dish084,Bmi002,PHÙ_HỢP_VỚI_BMI
Dish085,Bmi001,PHÙ_HỢP_VỚI_BMI
Dish085,Bmi002,PHÙ_HỢP_VỚI_BMI
Dish086,Bmi001,PHÙ_HỢP_VỚI_BMI
Dish086,Bmi002,PHÙ_HỢP_VỚI_BMI
Dish087,Bmi001,PHÙ_HỢP_VỚI_BMI
Dish087,Bmi002,PHÙ_HỢP_VỚI_BMI
Dish088,Bmi001,PHÙ_HỢP_VỚI_BMI
Dish088,Bmi002,PHÙ_HỢP_VỚI_BMI
Dish089,Bmi001,PHÙ_HỢP_VỚI_BMI
Dish089,Bmi002,PHÙ_HỢP_VỚI_BMI
Dish090,Bmi001,PHÙ_HỢP_VỚI_BMI
Dish090,Bmi002,PHÙ_HỢP_VỚI_BMI
Dish091,Bmi001,PHÙ_HỢP_VỚI_BMI
Dish091,Bmi002,PHÙ_HỢP_VỚI_BMI
Dish092,Bmi001,PHÙ_HỢP_VỚI_BMI
Dish092,Bmi002,PHÙ_HỢP_VỚI_BMI
Dish093,Bmi001,PHÙ_HỢP_VỚI_BMI
Dish093,Bmi002,PHÙ_HỢP_VỚI_BMI
Dish094,Bmi001,PHÙ_HỢP_VỚI_BMI
Dish094,Bmi002,PHÙ_HỢP_VỚI_BMI
Dish095,Bmi001,PHÙ_HỢP_VỚI_BMI
Dish095,Bmi002,PHÙ_HỢP_VỚI_BMI
Dish095,Bmi003,PHÙ_HỢP_VỚI_BMI
Dish095,Bmi004,PHÙ_HỢP_VỚI_BMI
Dish096,Bmi001,PHÙ_HỢP_VỚI_BMI
Dish096,Bmi002,PHÙ_HỢP_VỚI_BMI
Dish096,Bmi003,PHÙ_HỢP_VỚI_BMI
Dish096,Bmi004,PHÙ_HỢP_VỚI_BMI
Dish097,Bmi001,PHÙ_HỢP_VỚI_BMI
Dish097,Bmi002,PHÙ_HỢP_VỚI_BMI
Dish097,Bmi003,PHÙ_HỢP_VỚI_BMI
Dish097,Bmi004,PHÙ_HỢP_VỚI_BMI
Dish098,Bmi001,PHÙ_HỢP_VỚI_BMI
Dish098,Bmi002,PHÙ_HỢP_VỚI_BMI
Dish098,Bmi003,PHÙ_HỢP_VỚI_BMI
Dish098,Bmi004,PHÙ_HỢP_VỚI_BMI
Dish099,Bmi001,PHÙ_HỢP_VỚI_BMI
Dish099,Bmi002,PHÙ_HỢP_VỚI_BMI
Dish099,Bmi003,PHÙ_HỢP_VỚI_BMI
Dish099,Bmi004,PHÙ_HỢP_VỚI_BMI
Dish100,Bmi001,PHÙ_HỢP_VỚI_BMI
Dish100,Bmi002,PHÙ_HỢP_VỚI_BMI
Dish100,Bmi003,PHÙ_HỢP_VỚI_BMI
Dish100,Bmi004,PHÙ_HỢP_VỚI_BMI
Dish101,Bmi001,PHÙ_HỢP_VỚI_BMI
Dish101,Bmi002,PHÙ_HỢP_VỚI_BMI
Dish101,Bmi003,PHÙ_HỢP_VỚI_BMI
Dish101,Bmi004,PHÙ_HỢP_VỚI_BMI
Dish102,Bmi001,PHÙ_HỢP_VỚI_BMI
Dish102,Bmi002,PHÙ_HỢP_VỚI_BMI
Dish102,Bmi003,PHÙ_HỢP_VỚI_BMI
Dish102,Bmi004,PHÙ_HỢP_VỚI_BMI
Dish103,Bmi001,PHÙ_HỢP_VỚI_BMI
Dish103,Bmi002,PHÙ_HỢP_VỚI_BMI
Dish103,Bmi003,PHÙ_HỢP_VỚI_BMI
Dish103,Bmi004,PHÙ_HỢP_VỚI_BMI
Dish104,Bmi001,PHÙ_HỢP_VỚI_BMI
Dish104,Bmi002,PHÙ_HỢP_VỚI_BMI
Dish104,Bmi003,PHÙ_HỢP_VỚI_BMI
Dish104,Bmi004,PHÙ_HỢP_VỚI_BMI
Dish105,Bmi001,PHÙ_HỢP_VỚI_BMI
Dish105,Bmi002,PHÙ_HỢP_VỚI_BMI
Dish105,Bmi003,PHÙ_HỢP_VỚI_BMI
Dish105,Bmi004,PHÙ_HỢP_VỚI_BMI
Dish106,Bmi001,PHÙ_HỢP_VỚI_BMI
Dish106,Bmi002,PHÙ_HỢP_VỚI_BMI
Dish106,Bmi003,PHÙ_HỢP_VỚI_BMI
Dish106,Bmi004,PHÙ_HỢP_VỚI_BMI
Dish107,Bmi001,PHÙ_HỢP_VỚI_BMI
Dish107,Bmi002,PHÙ_HỢP_VỚI_BMI
Dish107,Bmi003,PHÙ_HỢP_VỚI_BMI
Dish107,Bmi004,PHÙ_HỢP_VỚI_BMI
Dish108,Bmi001,PHÙ_HỢP_VỚI_BMI
Dish108,Bmi002,PHÙ_HỢP_VỚI_BMI
Dish108,Bmi003,PHÙ_HỢP_VỚI_BMI
Dish108,Bmi004,PHÙ_HỢP_VỚI_BMI
Dish109,Bmi001,PHÙ_HỢP_VỚI_BMI
Dish109,Bmi002,PHÙ_HỢP_VỚI_BMI
Dish109,Bmi003,PHÙ_HỢP_VỚI_BMI
Dish109,Bmi004,PHÙ_HỢP_VỚI_BMI
Dish110,Bmi001,PHÙ_HỢP_VỚI_BMI
Dish110,Bmi002,PHÙ_HỢP_VỚI_BMI
Dish110,Bmi003,PHÙ_HỢP_VỚI_BMI
Dish110,Bmi004,PHÙ_HỢP_VỚI_BMI
Dish111,Bmi001,PHÙ_HỢP_VỚI_BMI
Dish111,Bmi002,PHÙ_HỢP_VỚI_BMI
Dish111,Bmi003,PHÙ_HỢP_VỚI_BMI
Dish111,Bmi004,PHÙ_HỢP_VỚI_BMI
Dish112,Bmi001,PHÙ_HỢP_VỚI_BMI
Dish112,Bmi002,PHÙ_HỢP_VỚI_BMI
Dish112,Bmi003,PHÙ_HỢP_VỚI_BMI
Dish112,Bmi004,PHÙ_HỢP_VỚI_BMI
Dish113,Bmi001,PHÙ_HỢP_VỚI_BMI
Dish113,Bmi002,PHÙ_HỢP_VỚI_BMI
Dish113,Bmi003,PHÙ_HỢP_VỚI_BMI
Dish113,Bmi004,PHÙ_HỢP_VỚI_BMI
Dish114,Bmi001,PHÙ_HỢP_VỚI_BMI
Dish114,Bmi002,PHÙ_HỢP_VỚI_BMI
Dish114,Bmi003,PHÙ_HỢP_VỚI_BMI
Dish114,Bmi004,PHÙ_HỢP_VỚI_BMI
Dish115,Bmi001,PHÙ_HỢP_VỚI_BMI
Dish115,Bmi002,PHÙ_HỢP_VỚI_BMI
Dish116,Bmi001,PHÙ_HỢP_VỚI_BMI
Dish116,Bmi002,PHÙ_HỢP_VỚI_BMI
Dish117,Bmi001,PHÙ_HỢP_VỚI_BMI
Dish117,Bmi002,PHÙ_HỢP_VỚI_BMI
Dish118,Bmi001,PHÙ_HỢP_VỚI_BMI
Dish118,Bmi002,PHÙ_HỢP_VỚI_BMI
Dish119,Bmi001,PHÙ_HỢP_VỚI_BMI
Dish119,Bmi002,PHÙ_HỢP_VỚI_BMI
Dish120,Bmi001,PHÙ_HỢP_VỚI_BMI
Dish120,Bmi002,PHÙ_HỢP_VỚI_BMI
Dish121,Bmi001,PHÙ_HỢP_VỚI_BMI
Dish121,Bmi002,PHÙ_HỢP_VỚI_BMI
Dish122,Bmi001,PHÙ_HỢP_VỚI_BMI
Dish122,Bmi002,PHÙ_HỢP_VỚI_BMI
Dish123,Bmi001,PHÙ_HỢP_VỚI_BMI
Dish123,Bmi002,PHÙ_HỢP_VỚI_BMI
Dish124,Bmi001,PHÙ_HỢP_VỚI_BMI
Dish124,Bmi002,PHÙ_HỢP_VỚI_BMI
Dish125,Bmi001,PHÙ_HỢP_VỚI_BMI
Dish125,Bmi002,PHÙ_HỢP_VỚI_BMI
Dish125,Bmi003,PHÙ_HỢP_VỚI_BMI
Dish125,Bmi004,PHÙ_HỢP_VỚI_BMI
Dish126,Bmi001,PHÙ_HỢP_VỚI_BMI
Dish126,Bmi002,PHÙ_HỢP_VỚI_BMI
Dish126,Bmi003,PHÙ_HỢP_VỚI_BMI
Dish126,Bmi004,PHÙ_HỢP_VỚI_BMI
Dish127,Bmi001,PHÙ_HỢP_VỚI_BMI
Dish127,Bmi002,PHÙ_HỢP_VỚI_BMI
Dish127,Bmi003,PHÙ_HỢP_VỚI_BMI
Dish127,Bmi004,PHÙ_HỢP_VỚI_BMI
Dish128,Bmi001,PHÙ_HỢP_VỚI_BMI
Dish128,Bmi002,PHÙ_HỢP_VỚI_BMI
Dish128,Bmi003,PHÙ_HỢP_VỚI_BMI
Dish128,Bmi004,PHÙ_HỢP_VỚI_BMI
Dish129,Bmi001,PHÙ_HỢP_VỚI_BMI
Dish129,Bmi002,PHÙ_HỢP_VỚI_BMI
Dish129,Bmi003,PHÙ_HỢP_VỚI_BMI
Dish129,Bmi004,PHÙ_HỢP_VỚI_BMI
Dish130,Bmi001,PHÙ_HỢP_VỚI_BMI
Dish130,Bmi002,PHÙ_HỢP_VỚI_BMI
Dish130,Bmi003,PHÙ_HỢP_VỚI_BMI
Dish130,Bmi004,PHÙ_HỢP_VỚI_BMI
Dish131,Bmi001,PHÙ_HỢP_VỚI_BMI
Dish131,Bmi002,PHÙ_HỢP_VỚI_BMI
Dish131,Bmi003,PHÙ_HỢP_VỚI_BMI
Dish131,Bmi004,PHÙ_HỢP_VỚI_BMI
Dish132,Bmi001,PHÙ_HỢP_VỚI_BMI
Dish132,Bmi002,PHÙ_HỢP_VỚI_BMI
Dish132,Bmi003,PHÙ_HỢP_VỚI_BMI
Dish132,Bmi004,PHÙ_HỢP_VỚI_BMI
Dish133,Bmi001,PHÙ_HỢP_VỚI_BMI
Dish133,Bmi002,PHÙ_HỢP_VỚI_BMI
Dish133,Bmi003,PHÙ_HỢP_VỚI_BMI
Dish133,Bmi004,PHÙ_HỢP_VỚI_BMI
Dish134,Bmi001,PHÙ_HỢP_VỚI_BMI
Dish134,Bmi002,PHÙ_HỢP_VỚI_BMI
Dish134,Bmi003,PHÙ_HỢP_VỚI_BMI
Dish134,Bmi004,PHÙ_HỢP_VỚI_BMI

Dish135,Bmi001,PHÙ_HỢP_VỚI_BMI
Dish135,Bmi002,PHÙ_HỢP_VỚI_BMI
Dish136,Bmi001,PHÙ_HỢP_VỚI_BMI
Dish136,Bmi002,PHÙ_HỢP_VỚI_BMI
Dish137,Bmi001,PHÙ_HỢP_VỚI_BMI
Dish137,Bmi002,PHÙ_HỢP_VỚI_BMI
Dish138,Bmi001,PHÙ_HỢP_VỚI_BMI
Dish138,Bmi002,PHÙ_HỢP_VỚI_BMI
Dish139,Bmi001,PHÙ_HỢP_VỚI_BMI
Dish139,Bmi002,PHÙ_HỢP_VỚI_BMI
Dish140,Bmi001,PHÙ_HỢP_VỚI_BMI
Dish140,Bmi002,PHÙ_HỢP_VỚI_BMI
Dish141,Bmi001,PHÙ_HỢP_VỚI_BMI
Dish141,Bmi002,PHÙ_HỢP_VỚI_BMI
Dish142,Bmi001,PHÙ_HỢP_VỚI_BMI
Dish142,Bmi002,PHÙ_HỢP_VỚI_BMI
Dish143,Bmi001,PHÙ_HỢP_VỚI_BMI
Dish143,Bmi002,PHÙ_HỢP_VỚI_BMI
Dish144,Bmi001,PHÙ_HỢP_VỚI_BMI
Dish144,Bmi002,PHÙ_HỢP_VỚI_BMI
Dish145,Bmi001,PHÙ_HỢP_VỚI_BMI
Dish145,Bmi002,PHÙ_HỢP_VỚI_BMI
Dish146,Bmi001,PHÙ_HỢP_VỚI_BMI
Dish146,Bmi002,PHÙ_HỢP_VỚI_BMI
Dish147,Bmi001,PHÙ_HỢP_VỚI_BMI
Dish147,Bmi002,PHÙ_HỢP_VỚI_BMI
Dish148,Bmi001,PHÙ_HỢP_VỚI_BMI
Dish148,Bmi002,PHÙ_HỢP_VỚI_BMI
Dish149,Bmi001,PHÙ_HỢP_VỚI_BMI
Dish149,Bmi002,PHÙ_HỢP_VỚI_BMI
Dish150,Bmi001,PHÙ_HỢP_VỚI_BMI
Dish150,Bmi002,PHÙ_HỢP_VỚI_BMI
Dish151,Bmi001,PHÙ_HỢP_VỚI_BMI
Dish151,Bmi002,PHÙ_HỢP_VỚI_BMI
Dish152,Bmi001,PHÙ_HỢP_VỚI_BMI
Dish152,Bmi002,PHÙ_HỢP_VỚI_BMI
Dish153,Bmi001,PHÙ_HỢP_VỚI_BMI
Dish153,Bmi002,PHÙ_HỢP_VỚI_BMI
Dish154,Bmi001,PHÙ_HỢP_VỚI_BMI
Dish154,Bmi002,PHÙ_HỢP_VỚI_BMI
Dish155,Bmi001,PHÙ_HỢP_VỚI_BMI
Dish155,Bmi002,PHÙ_HỢP_VỚI_BMI
Dish155,Bmi003,PHÙ_HỢP_VỚI_BMI
Dish155,Bmi004,PHÙ_HỢP_VỚI_BMI
Dish156,Bmi001,PHÙ_HỢP_VỚI_BMI
Dish156,Bmi002,PHÙ_HỢP_VỚI_BMI
Dish157,Bmi001,PHÙ_HỢP_VỚI_BMI
Dish157,Bmi002,PHÙ_HỢP_VỚI_BMI
Dish157,Bmi003,PHÙ_HỢP_VỚI_BMI
Dish157,Bmi004,PHÙ_HỢP_VỚI_BMI
Dish158,Bmi001,PHÙ_HỢP_VỚI_BMI
Dish158,Bmi002,PHÙ_HỢP_VỚI_BMI
Dish158,Bmi003,PHÙ_HỢP_VỚI_BMI
Dish158,Bmi004,PHÙ_HỢP_VỚI_BMI
Dish159,Bmi001,PHÙ_HỢP_VỚI_BMI
Dish159,Bmi002,PHÙ_HỢP_VỚI_BMI
Dish159,Bmi003,PHÙ_HỢP_VỚI_BMI
Dish160,Bmi001,PHÙ_HỢP_VỚI_BMI
Dish160,Bmi002,PHÙ_HỢP_VỚI_BMI
Dish161,Bmi001,PHÙ_HỢP_VỚI_BMI
Dish161,Bmi002,PHÙ_HỢP_VỚI_BMI
Dish161,Bmi003,PHÙ_HỢP_VỚI_BMI
Dish161,Bmi004,PHÙ_HỢP_VỚI_BMI
Dish162,Bmi001,PHÙ_HỢP_VỚI_BMI
Dish162,Bmi002,PHÙ_HỢP_VỚI_BMI
Dish162,Bmi003,PHÙ_HỢP_VỚI_BMI
Dish163,Bmi001,PHÙ_HỢP_VỚI_BMI
Dish163,Bmi002,PHÙ_HỢP_VỚI_BMI
Dish164,Bmi001,PHÙ_HỢP_VỚI_BMI
Dish164,Bmi002,PHÙ_HỢP_VỚI_BMI
Dish164,Bmi003,PHÙ_HỢP_VỚI_BMI
Dish165,Bmi001,PHÙ_HỢP_VỚI_BMI
Dish165,Bmi002,PHÙ_HỢP_VỚI_BMI
Dish166,Bmi001,PHÙ_HỢP_VỚI_BMI
Dish166,Bmi002,PHÙ_HỢP_VỚI_BMI
Dish167,Bmi001,PHÙ_HỢP_VỚI_BMI
Dish167,Bmi002,PHÙ_HỢP_VỚI_BMI
Dish167,Bmi003,PHÙ_HỢP_VỚI_BMI
Dish168,Bmi001,PHÙ_HỢP_VỚI_BMI
Dish168,Bmi002,PHÙ_HỢP_VỚI_BMI
Dish168,Bmi003,PHÙ_HỢP_VỚI_BMI
Dish168,Bmi004,PHÙ_HỢP_VỚI_BMI
Dish169,Bmi001,PHÙ_HỢP_VỚI_BMI
Dish169,Bmi002,PHÙ_HỢP_VỚI_BMI
Dish170,Bmi001,PHÙ_HỢP_VỚI_BMI
Dish170,Bmi002,PHÙ_HỢP_VỚI_BMI
Dish171,Bmi001,PHÙ_HỢP_VỚI_BMI
Dish171,Bmi002,PHÙ_HỢP_VỚI_BMI
Dish172,Bmi001,PHÙ_HỢP_VỚI_BMI
Dish172,Bmi002,PHÙ_HỢP_VỚI_BMI
Dish172,Bmi003,PHÙ_HỢP_VỚI_BMI
Dish173,Bmi001,PHÙ_HỢP_VỚI_BMI
Dish173,Bmi002,PHÙ_HỢP_VỚI_BMI
Dish174,Bmi001,PHÙ_HỢP_VỚI_BMI
Dish174,Bmi002,PHÙ_HỢP_VỚI_BMI
Dish174,Bmi003,PHÙ_HỢP_VỚI_BMI
Dish175,Bmi001,PHÙ_HỢP_VỚI_BMI
Dish175,Bmi002,PHÙ_HỢP_VỚI_BMI
Dish176,Bmi001,PHÙ_HỢP_VỚI_BMI
Dish176,Bmi002,PHÙ_HỢP_VỚI_BMI
Dish176,Bmi003,PHÙ_HỢP_VỚI_BMI
Dish177,Bmi001,PHÙ_HỢP_VỚI_BMI
Dish177,Bmi002,PHÙ_HỢP_VỚI_BMI
Dish177,Bmi003,PHÙ_HỢP_VỚI_BMI
Dish177,Bmi004,PHÙ_HỢP_VỚI_BMI
Dish178,Bmi001,PHÙ_HỢP_VỚI_BMI
Dish178,Bmi002,PHÙ_HỢP_VỚI_BMI
Dish179,Bmi001,PHÙ_HỢP_VỚI_BMI
Dish179,Bmi002,PHÙ_HỢP_VỚI_BMI
Dish180,Bmi001,PHÙ_HỢP_VỚI_BMI
Dish180,Bmi002,PHÙ_HỢP_VỚI_BMI
Dish180,Bmi003,PHÙ_HỢP_VỚI_BMI
Dish180,Bmi004,PHÙ_HỢP_VỚI_BMI
Dish181,Bmi001,PHÙ_HỢP_VỚI_BMI
Dish181,Bmi002,PHÙ_HỢP_VỚI_BMI
Dish182,Bmi001,PHÙ_HỢP_VỚI_BMI
Dish182,Bmi002,PHÙ_HỢP_VỚI_BMI
Dish183,Bmi001,PHÙ_HỢP_VỚI_BMI
Dish183,Bmi002,PHÙ_HỢP_VỚI_BMI
Dish183,Bmi003,PHÙ_HỢP_VỚI_BMI
Dish184,Bmi001,PHÙ_HỢP_VỚI_BMI
Dish184,Bmi002,PHÙ_HỢP_VỚI_BMI
Dish184,Bmi003,PHÙ_HỢP_VỚI_BMI
Dish185,Bmi001,PHÙ_HỢP_VỚI_BMI
Dish185,Bmi002,PHÙ_HỢP_VỚI_BMI
Dish186,Bmi001,PHÙ_HỢP_VỚI_BMI
Dish186,Bmi002,PHÙ_HỢP_VỚI_BMI
Dish187,Bmi001,PHÙ_HỢP_VỚI_BMI
Dish187,Bmi002,PHÙ_HỢP_VỚI_BMI
Dish188,Bmi001,PHÙ_HỢP_VỚI_BMI
Dish188,Bmi002,PHÙ_HỢP_VỚI_BMI
Dish188,Bmi003,PHÙ_HỢP_VỚI_BMI
Dish188,Bmi004,PHÙ_HỢP_VỚI_BMI
Dish189,Bmi001,PHÙ_HỢP_VỚI_BMI
Dish189,Bmi002,PHÙ_HỢP_VỚI_BMI
Dish190,Bmi001,PHÙ_HỢP_VỚI_BMI
Dish190,Bmi002,PHÙ_HỢP_VỚI_BMI
Dish190,Bmi003,PHÙ_HỢP_VỚI_BMI
Dish191,Bmi001,PHÙ_HỢP_VỚI_BMI
Dish191,Bmi002,PHÙ_HỢP_VỚI_BMI
Dish191,Bmi003,PHÙ_HỢP_VỚI_BMI
Dish192,Bmi001,PHÙ_HỢP_VỚI_BMI
Dish192,Bmi002,PHÙ_HỢP_VỚI_BMI
Dish192,Bmi003,PHÙ_HỢP_VỚI_BMI
Dish193,Bmi001,PHÙ_HỢP_VỚI_BMI
Dish193,Bmi002,PHÙ_HỢP_VỚI_BMI
Dish194,Bmi001,PHÙ_HỢP_VỚI_BMI
Dish194,Bmi002,PHÙ_HỢP_VỚI_BMI
Dish194,Bmi003,PHÙ_HỢP_VỚI_BMI
Dish194,Bmi004,PHÙ_HỢP_VỚI_BMI
Dish195,Bmi001,PHÙ_HỢP_VỚI_BMI
Dish195,Bmi002,PHÙ_HỢP_VỚI_BMI
Dish195,Bmi003,PHÙ_HỢP_VỚI_BMI
Dish195,Bmi004,PHÙ_HỢP_VỚI_BMI
Dish196,Bmi001,PHÙ_HỢP_VỚI_BMI
Dish196,Bmi002,PHÙ_HỢP_VỚI_BMI
Dish196,Bmi003,PHÙ_HỢP_VỚI_BMI
Dish196,Bmi004,PHÙ_HỢP_VỚI_BMI
Dish197,Bmi001,PHÙ_HỢP_VỚI_BMI
Dish197,Bmi002,PHÙ_HỢP_VỚI_BMI
Dish197,Bmi003,PHÙ_HỢP_VỚI_BMI
Dish197,Bmi004,PHÙ_HỢP_VỚI_BMI
Dish198,Bmi001,PHÙ_HỢP_VỚI_BMI
Dish198,Bmi002,PHÙ_HỢP_VỚI_BMI
Dish198,Bmi003,PHÙ_HỢP_VỚI_BMI
Dish199,Bmi001,PHÙ_HỢP_VỚI_BMI
Dish199,Bmi002,PHÙ_HỢP_VỚI_BMI
Dish200,Bmi001,PHÙ_HỢP_VỚI_BMI
Dish200,Bmi002,PHÙ_HỢP_VỚI_BMI
Dish200,Bmi003,PHÙ_HỢP_VỚI_BMI
Dish200,Bmi004,PHÙ_HỢP_VỚI_BMI
Dish201,Bmi001,PHÙ_HỢP_VỚI_BMI
Dish201,Bmi002,PHÙ_HỢP_VỚI_BMI
Dish202,Bmi001,PHÙ_HỢP_VỚI_BMI
Dish202,Bmi002,PHÙ_HỢP_VỚI_BMI
Dish202,Bmi003,PHÙ_HỢP_VỚI_BMI
Dish203,Bmi001,PHÙ_HỢP_VỚI_BMI
Dish203,Bmi002,PHÙ_HỢP_VỚI_BMI
Dish203,Bmi003,PHÙ_HỢP_VỚI_BMI
Dish203,Bmi004,PHÙ_HỢP_VỚI_BMI
Dish204,Bmi001,PHÙ_HỢP_VỚI_BMI
Dish204,Bmi002,PHÙ_HỢP_VỚI_BMI
Dish204,Bmi003,PHÙ_HỢP_VỚI_BMI
Dish204,Bmi004,PHÙ_HỢP_VỚI_BMI
Dish205,Bmi001,PHÙ_HỢP_VỚI_BMI
Dish205,Bmi002,PHÙ_HỢP_VỚI_BMI
Dish205,Bmi003,PHÙ_HỢP_VỚI_BMI
Dish205,Bmi004,PHÙ_HỢP_VỚI_BMI
Dish206,Bmi001,PHÙ_HỢP_VỚI_BMI
Dish206,Bmi002,PHÙ_HỢP_VỚI_BMI
Dish206,Bmi003,PHÙ_HỢP_VỚI_BMI
Dish206,Bmi004,PHÙ_HỢP_VỚI_BMI
Dish207,Bmi001,PHÙ_HỢP_VỚI_BMI
Dish207,Bmi002,PHÙ_HỢP_VỚI_BMI
Dish208,Bmi001,PHÙ_HỢP_VỚI_BMI
Dish208,Bmi002,PHÙ_HỢP_VỚI_BMI
Dish208,Bmi003,PHÙ_HỢP_VỚI_BMI
Dish209,Bmi001,PHÙ_HỢP_VỚI_BMI
Dish209,Bmi002,PHÙ_HỢP_VỚI_BMI
Dish210,Bmi001,PHÙ_HỢP_VỚI_BMI
Dish210,Bmi002,PHÙ_HỢP_VỚI_BMI
Dish211,Bmi001,PHÙ_HỢP_VỚI_BMI
Dish211,Bmi002,PHÙ_HỢP_VỚI_BMI
Dish211,Bmi003,PHÙ_HỢP_VỚI_BMI
Dish212,Bmi001,PHÙ_HỢP_VỚI_BMI
Dish212,Bmi002,PHÙ_HỢP_VỚI_BMI
Dish212,Bmi003,PHÙ_HỢP_VỚI_BMI
Dish212,Bmi004,PHÙ_HỢP_VỚI_BMI
Dish213,Bmi001,PHÙ_HỢP_VỚI_BMI
Dish213,Bmi002,PHÙ_HỢP_VỚI_BMI
Dish213,Bmi003,PHÙ_HỢP_VỚI_BMI
Dish214,Bmi001,PHÙ_HỢP_VỚI_BMI
Dish214,Bmi002,PHÙ_HỢP_VỚI_BMI
Dish214,Bmi003,PHÙ_HỢP_VỚI_BMI
Dish215,Bmi001,PHÙ_HỢP_VỚI_BMI
Dish215,Bmi002,PHÙ_HỢP_VỚI_BMI
Dish215,Bmi003,PHÙ_HỢP_VỚI_BMI
Dish215,Bmi004,PHÙ_HỢP_VỚI_BMI
Dish216,Bmi001,PHÙ_HỢP_VỚI_BMI
Dish216,Bmi002,PHÙ_HỢP_VỚI_BMI
Dish217,Bmi001,PHÙ_HỢP_VỚI_BMI
Dish217,Bmi002,PHÙ_HỢP_VỚI_BMI
Dish217,Bmi003,PHÙ_HỢP_VỚI_BMI
Dish217,Bmi004,PHÙ_HỢP_VỚI_BMI
Dish218,Bmi001,PHÙ_HỢP_VỚI_BMI
Dish218,Bmi002,PHÙ_HỢP_VỚI_BMI
Dish218,Bmi003,PHÙ_HỢP_VỚI_BMI
Dish219,Bmi001,PHÙ_HỢP_VỚI_BMI
Dish219,Bmi002,PHÙ_HỢP_VỚI_BMI
Dish220,Bmi001,PHÙ_HỢP_VỚI_BMI
Dish220,Bmi002,PHÙ_HỢP_VỚI_BMI
Dish221,Bmi001,PHÙ_HỢP_VỚI_BMI
Dish221,Bmi002,PHÙ_HỢP_VỚI_BMI
Dish221,Bmi003,PHÙ_HỢP_VỚI_BMI
Dish221,Bmi004,PHÙ_HỢP_VỚI_BMI
Dish222,Bmi001,PHÙ_HỢP_VỚI_BMI
Dish222,Bmi002,PHÙ_HỢP_VỚI_BMI
Dish223,Bmi001,PHÙ_HỢP_VỚI_BMI
Dish223,Bmi002,PHÙ_HỢP_VỚI_BMI
Dish223,Bmi003,PHÙ_HỢP_VỚI_BMI
Dish223,Bmi004,PHÙ_HỢP_VỚI_BMI
Dish224,Bmi001,PHÙ_HỢP_VỚI_BMI
Dish224,Bmi002,PHÙ_HỢP_VỚI_BMI
Dish225,Bmi001,PHÙ_HỢP_VỚI_BMI
Dish225,Bmi002,PHÙ_HỢP_VỚI_BMI
Dish225,Bmi003,PHÙ_HỢP_VỚI_BMI
Dish225,Bmi004,PHÙ_HỢP_VỚI_BMI
Dish226,Bmi001,PHÙ_HỢP_VỚI_BMI
Dish226,Bmi002,PHÙ_HỢP_VỚI_BMI
Dish226,Bmi003,PHÙ_HỢP_VỚI_BMI
Dish226,Bmi004,PHÙ_HỢP_VỚI_BMI
Dish227,Bmi001,PHÙ_HỢP_VỚI_BMI
Dish227,Bmi002,PHÙ_HỢP_VỚI_BMI
Dish228,Bmi001,PHÙ_HỢP_VỚI_BMI
Dish228,Bmi002,PHÙ_HỢP_VỚI_BMI
Dish228,Bmi003,PHÙ_HỢP_VỚI_BMI
Dish229,Bmi001,PHÙ_HỢP_VỚI_BMI
Dish229,Bmi002,PHÙ_HỢP_VỚI_BMI
Dish229,Bmi003,PHÙ_HỢP_VỚI_BMI
Dish229,Bmi004,PHÙ_HỢP_VỚI_BMI
Dish230,Bmi001,PHÙ_HỢP_VỚI_BMI
Dish230,Bmi002,PHÙ_HỢP_VỚI_BMI
Dish231,Bmi001,PHÙ_HỢP_VỚI_BMI
Dish231,Bmi002,PHÙ_HỢP_VỚI_BMI
Dish231,Bmi003,PHÙ_HỢP_VỚI_BMI
Dish231,Bmi004,PHÙ_HỢP_VỚI_BMI
Dish232,Bmi001,PHÙ_HỢP_VỚI_BMI
Dish232,Bmi002,PHÙ_HỢP_VỚI_BMI
Dish232,Bmi003,PHÙ_HỢP_VỚI_BMI
Dish232,Bmi004,PHÙ_HỢP_VỚI_BMI
Dish233,Bmi001,PHÙ_HỢP_VỚI_BMI
Dish233,Bmi002,PHÙ_HỢP_VỚI_BMI
Dish233,Bmi003,PHÙ_HỢP_VỚI_BMI
Dish233,Bmi004,PHÙ_HỢP_VỚI_BMI
Dish234,Bmi001,PHÙ_HỢP_VỚI_BMI
Dish234,Bmi002,PHÙ_HỢP_VỚI_BMI
Dish234,Bmi003,PHÙ_HỢP_VỚI_BMI
Dish234,Bmi004,PHÙ_HỢP_VỚI_BMI
Dish235,Bmi001,PHÙ_HỢP_VỚI_BMI
Dish235,Bmi002,PHÙ_HỢP_VỚI_BMI
Dish236,Bmi001,PHÙ_HỢP_VỚI_BMI
Dish236,Bmi002,PHÙ_HỢP_VỚI_BMI
Dish236,Bmi003,PHÙ_HỢP_VỚI_BMI
Dish237,Bmi001,PHÙ_HỢP_VỚI_BMI
Dish237,Bmi002,PHÙ_HỢP_VỚI_BMI
Dish238,Bmi001,PHÙ_HỢP_VỚI_BMI
Dish238,Bmi002,PHÙ_HỢP_VỚI_BMI
Dish239,Bmi001,PHÙ_HỢP_VỚI_BMI
Dish239,Bmi002,PHÙ_HỢP_VỚI_BMI
Dish240,Bmi001,PHÙ_HỢP_VỚI_BMI
Dish240,Bmi002,PHÙ_HỢP_VỚI_BMI
Dish241,Bmi001,PHÙ_HỢP_VỚI_BMI
Dish241,Bmi002,PHÙ_HỢP_VỚI_BMI
Dish242,Bmi001,PHÙ_HỢP_VỚI_BMI
Dish242,Bmi002,PHÙ_HỢP_VỚI_BMI
Dish243,Bmi001,PHÙ_HỢP_VỚI_BMI
Dish243,Bmi002,PHÙ_HỢP_VỚI_BMI
Dish244,Bmi001,PHÙ_HỢP_VỚI_BMI
Dish244,Bmi002,PHÙ_HỢP_VỚI_BMI
Dish245,Bmi001,PHÙ_HỢP_VỚI_BMI
Dish245,Bmi002,PHÙ_HỢP_VỚI_BMI
Dish246,Bmi001,PHÙ_HỢP_VỚI_BMI
Dish246,Bmi002,PHÙ_HỢP_VỚI_BMI
Dish247,Bmi001,PHÙ_HỢP_VỚI_BMI
Dish247,Bmi002,PHÙ_HỢP_VỚI_BMI
Dish247,Bmi003,PHÙ_HỢP_VỚI_BMI
Dish248,Bmi001,PHÙ_HỢP_VỚI_BMI
Dish248,Bmi002,PHÙ_HỢP_VỚI_BMI
Dish248,Bmi003,PHÙ_HỢP_VỚI_BMI
Dish249,Bmi001,PHÙ_HỢP_VỚI_BMI
Dish249,Bmi002,PHÙ_HỢP_VỚI_BMI
Dish249,Bmi003,PHÙ_HỢP_VỚI_BMI
Dish250,Bmi001,PHÙ_HỢP_VỚI_BMI
Dish250,Bmi002,PHÙ_HỢP_VỚI_BMI
Dish251,Bmi001,PHÙ_HỢP_VỚI_BMI
Dish251,Bmi002,PHÙ_HỢP_VỚI_BMI
Dish252,Bmi001,PHÙ_HỢP_VỚI_BMI
Dish252,Bmi002,PHÙ_HỢP_VỚI_BMI
Dish253,Bmi001,PHÙ_HỢP_VỚI_BMI
Dish253,Bmi002,PHÙ_HỢP_VỚI_BMI
Dish253,Bmi003,PHÙ_HỢP_VỚI_BMI
Dish254,Bmi001,PHÙ_HỢP_VỚI_BMI
Dish254,Bmi002,PHÙ_HỢP_VỚI_BMI
Dish255,Bmi001,PHÙ_HỢP_VỚI_BMI
Dish255,Bmi002,PHÙ_HỢP_VỚI_BMI
Dish255,Bmi003,PHÙ_HỢP_VỚI_BMI
Dish256,Bmi001,PHÙ_HỢP_VỚI_BMI
Dish256,Bmi002,PHÙ_HỢP_VỚI_BMI
Dish256,Bmi003,PHÙ_HỢP_VỚI_BMI
Dish256,Bmi004,PHÙ_HỢP_VỚI_BMI
Dish257,Bmi001,PHÙ_HỢP_VỚI_BMI
Dish257,Bmi002,PHÙ_HỢP_VỚI_BMI
Dish257,Bmi003,PHÙ_HỢP_VỚI_BMI
Dish257,Bmi004,PHÙ_HỢP_VỚI_BMI
Dish258,Bmi001,PHÙ_HỢP_VỚI_BMI
Dish258,Bmi002,PHÙ_HỢP_VỚI_BMI
Dish259,Bmi001,PHÙ_HỢP_VỚI_BMI
Dish259,Bmi002,PHÙ_HỢP_VỚI_BMI
Dish259,Bmi003,PHÙ_HỢP_VỚI_BMI
Dish260,Bmi001,PHÙ_HỢP_VỚI_BMI
Dish260,Bmi002,PHÙ_HỢP_VỚI_BMI
Dish261,Bmi001,PHÙ_HỢP_VỚI_BMI
Dish261,Bmi002,PHÙ_HỢP_VỚI_BMI
Dish262,Bmi001,PHÙ_HỢP_VỚI_BMI
Dish262,Bmi002,PHÙ_HỢP_VỚI_BMI
Dish262,Bmi003,PHÙ_HỢP_VỚI_BMI
Dish263,Bmi001,PHÙ_HỢP_VỚI_BMI
Dish263,Bmi002,PHÙ_HỢP_VỚI_BMI
Dish264,Bmi001,PHÙ_HỢP_VỚI_BMI
Dish264,Bmi002,PHÙ_HỢP_VỚI_BMI
Dish265,Bmi001,PHÙ_HỢP_VỚI_BMI
Dish265,Bmi002,PHÙ_HỢP_VỚI_BMI
Dish266,Bmi001,PHÙ_HỢP_VỚI_BMI
Dish266,Bmi002,PHÙ_HỢP_VỚI_BMI
Dish267,Bmi001,PHÙ_HỢP_VỚI_BMI
Dish267,Bmi002,PHÙ_HỢP_VỚI_BMI
Dish267,Bmi003,PHÙ_HỢP_VỚI_BMI
Dish268,Bmi001,PHÙ_HỢP_VỚI_BMI
Dish268,Bmi002,PHÙ_HỢP_VỚI_BMI
Dish269,Bmi001,PHÙ_HỢP_VỚI_BMI
Dish269,Bmi002,PHÙ_HỢP_VỚI_BMI
Dish270,Bmi001,PHÙ_HỢP_VỚI_BMI
Dish270,Bmi002,PHÙ_HỢP_VỚI_BMI
Dish270,Bmi003,PHÙ_HỢP_VỚI_BMI
Dish271,Bmi001,PHÙ_HỢP_VỚI_BMI
Dish271,Bmi002,PHÙ_HỢP_VỚI_BMI
Dish272,Bmi001,PHÙ_HỢP_VỚI_BMI
Dish272,Bmi002,PHÙ_HỢP_VỚI_BMI
Dish273,Bmi001,PHÙ_HỢP_VỚI_BMI
Dish273,Bmi002,PHÙ_HỢP_VỚI_BMI
Dish274,Bmi001,PHÙ_HỢP_VỚI_BMI
Dish274,Bmi002,PHÙ_HỢP_VỚI_BMI
Dish274,Bmi003,PHÙ_HỢP_VỚI_BMI
Dish275,Bmi001,PHÙ_HỢP_VỚI_BMI
Dish275,Bmi002,PHÙ_HỢP_VỚI_BMI
Dish276,Bmi001,PHÙ_HỢP_VỚI_BMI
Dish276,Bmi002,PHÙ_HỢP_VỚI_BMI
Dish277,Bmi001,PHÙ_HỢP_VỚI_BMI
Dish277,Bmi002,PHÙ_HỢP_VỚI_BMI
Dish277,Bmi003,PHÙ_HỢP_VỚI_BMI
Dish278,Bmi001,PHÙ_HỢP_VỚI_BMI
Dish278,Bmi002,PHÙ_HỢP_VỚI_BMI
Dish279,Bmi001,PHÙ_HỢP_VỚI_BMI
Dish279,Bmi002,PHÙ_HỢP_VỚI_BMI
Dish280,Bmi001,PHÙ_HỢP_VỚI_BMI
Dish280,Bmi002,PHÙ_HỢP_VỚI_BMI
Dish281,Bmi001,PHÙ_HỢP_VỚI_BMI
Dish281,Bmi002,PHÙ_HỢP_VỚI_BMI
Dish281,Bmi003,PHÙ_HỢP_VỚI_BMI
Dish282,Bmi001,PHÙ_HỢP_VỚI_BMI
Dish282,Bmi002,PHÙ_HỢP_VỚI_BMI
Dish282,Bmi003,PHÙ_HỢP_VỚI_BMI
Dish283,Bmi001,PHÙ_HỢP_VỚI_BMI
Dish283,Bmi002,PHÙ_HỢP_VỚI_BMI
Dish284,Bmi001,PHÙ_HỢP_VỚI_BMI
Dish284,Bmi002,PHÙ_HỢP_VỚI_BMI
Dish285,Bmi001,PHÙ_HỢP_VỚI_BMI
Dish285,Bmi002,PHÙ_HỢP_VỚI_BMI
Dish285,Bmi003,PHÙ_HỢP_VỚI_BMI
Dish286,Bmi001,PHÙ_HỢP_VỚI_BMI
Dish286,Bmi002,PHÙ_HỢP_VỚI_BMI
Dish287,Bmi001,PHÙ_HỢP_VỚI_BMI
Dish287,Bmi002,PHÙ_HỢP_VỚI_BMI
Dish287,Bmi003,PHÙ_HỢP_VỚI_BMI
Dish287,Bmi004,PHÙ_HỢP_VỚI_BMI
Dish288,Bmi001,PHÙ_HỢP_VỚI_BMI
Dish288,Bmi002,PHÙ_HỢP_VỚI_BMI
Dish289,Bmi001,PHÙ_HỢP_VỚI_BMI
Dish289,Bmi002,PHÙ_HỢP_VỚI_BMI
Dish290,Bmi001,PHÙ_HỢP_VỚI_BMI
Dish290,Bmi002,PHÙ_HỢP_VỚI_BMI
Dish291,Bmi001,PHÙ_HỢP_VỚI_BMI
Dish291,Bmi002,PHÙ_HỢP_VỚI_BMI
Dish292,Bmi001,PHÙ_HỢP_VỚI_BMI
Dish292,Bmi002,PHÙ_HỢP_VỚI_BMI
Dish292,Bmi003,PHÙ_HỢP_VỚI_BMI
Dish293,Bmi001,PHÙ_HỢP_VỚI_BMI
Dish293,Bmi002,PHÙ_HỢP_VỚI_BMI
Dish293,Bmi003,PHÙ_HỢP_VỚI_BMI
Dish294,Bmi001,PHÙ_HỢP_VỚI_BMI
Dish294,Bmi002,PHÙ_HỢP_VỚI_BMI
Dish295,Bmi001,PHÙ_HỢP_VỚI_BMI
Dish295,Bmi002,PHÙ_HỢP_VỚI_BMI
Dish295,Bmi003,PHÙ_HỢP_VỚI_BMI
Dish296,Bmi001,PHÙ_HỢP_VỚI_BMI
Dish296,Bmi002,PHÙ_HỢP_VỚI_BMI
Dish297,Bmi001,PHÙ_HỢP_VỚI_BMI
Dish297,Bmi002,PHÙ_HỢP_VỚI_BMI
Dish298,Bmi001,PHÙ_HỢP_VỚI_BMI
Dish298,Bmi002,PHÙ_HỢP_VỚI_BMI
Dish298,Bmi003,PHÙ_HỢP_VỚI_BMI
Dish299,Bmi001,PHÙ_HỢP_VỚI_BMI
Dish299,Bmi002,PHÙ_HỢP_VỚI_BMI
Dish300,Bmi001,PHÙ_HỢP_VỚI_BMI
Dish300,Bmi002,PHÙ_HỢP_VỚI_BMI
Dish300,Bmi003,PHÙ_HỢP_VỚI_BMI
Dish300,Bmi004,PHÙ_HỢP_VỚI_BMI
Dish301,Bmi001,PHÙ_HỢP_VỚI_BMI
Dish301,Bmi002,PHÙ_HỢP_VỚI_BMI
Dish302,Bmi001,PHÙ_HỢP_VỚI_BMI
Dish302,Bmi002,PHÙ_HỢP_VỚI_BMI
Dish303,Bmi001,PHÙ_HỢP_VỚI_BMI
Dish303,Bmi002,PHÙ_HỢP_VỚI_BMI
Dish304,Bmi001,PHÙ_HỢP_VỚI_BMI
Dish304,Bmi002,PHÙ_HỢP_VỚI_BMI
Dish305,Bmi001,PHÙ_HỢP_VỚI_BMI
Dish305,Bmi002,PHÙ_HỢP_VỚI_BMI
Dish306,Bmi001,PHÙ_HỢP_VỚI_BMI
Dish306,Bmi002,PHÙ_HỢP_VỚI_BMI
Dish307,Bmi001,PHÙ_HỢP_VỚI_BMI
Dish307,Bmi002,PHÙ_HỢP_VỚI_BMI
Dish308,Bmi001,PHÙ_HỢP_VỚI_BMI
Dish308,Bmi002,PHÙ_HỢP_VỚI_BMI
Dish309,Bmi001,PHÙ_HỢP_VỚI_BMI
Dish309,Bmi002,PHÙ_HỢP_VỚI_BMI
Dish310,Bmi001,PHÙ_HỢP_VỚI_BMI
Dish310,Bmi002,PHÙ_HỢP_VỚI_BMI
Dish311,Bmi001,PHÙ_HỢP_VỚI_BMI
Dish311,Bmi002,PHÙ_HỢP_VỚI_BMI
Dish311,Bmi003,PHÙ_HỢP_VỚI_BMI
Dish312,Bmi001,PHÙ_HỢP_VỚI_BMI
Dish312,Bmi002,PHÙ_HỢP_VỚI_BMI
Dish313,Bmi001,PHÙ_HỢP_VỚI_BMI
Dish313,Bmi002,PHÙ_HỢP_VỚI_BMI
Dish314,Bmi001,PHÙ_HỢP_VỚI_BMI
Dish314,Bmi002,PHÙ_HỢP_VỚI_BMI
Dish315,Bmi001,PHÙ_HỢP_VỚI_BMI
Dish315,Bmi002,PHÙ_HỢP_VỚI_BMI
Dish316,Bmi001,PHÙ_HỢP_VỚI_BMI
Dish316,Bmi002,PHÙ_HỢP_VỚI_BMI
Dish316,Bmi003,PHÙ_HỢP_VỚI_BMI
Dish317,Bmi001,PHÙ_HỢP_VỚI_BMI
Dish317,Bmi002,PHÙ_HỢP_VỚI_BMI
Dish317,Bmi003,PHÙ_HỢP_VỚI_BMI
Dish318,Bmi001,PHÙ_HỢP_VỚI_BMI
Dish318,Bmi002,PHÙ_HỢP_VỚI_BMI
Dish318,Bmi003,PHÙ_HỢP_VỚI_BMI
Dish319,Bmi001,PHÙ_HỢP_VỚI_BMI
Dish319,Bmi002,PHÙ_HỢP_VỚI_BMI
Dish319,Bmi003,PHÙ_HỢP_VỚI_BMI
Dish320,Bmi001,PHÙ_HỢP_VỚI_BMI
Dish320,Bmi002,PHÙ_HỢP_VỚI_BMI
Dish320,Bmi003,PHÙ_HỢP_VỚI_BMI
Dish321,Bmi001,PHÙ_HỢP_VỚI_BMI
Dish321,Bmi002,PHÙ_HỢP_VỚI_BMI
Dish322,Bmi001,PHÙ_HỢP_VỚI_BMI
Dish322,Bmi002,PHÙ_HỢP_VỚI_BMI
Dish323,Bmi001,PHÙ_HỢP_VỚI_BMI
Dish323,Bmi002,PHÙ_HỢP_VỚI_BMI
Dish324,Bmi001,PHÙ_HỢP_VỚI_BMI
Dish324,Bmi002,PHÙ_HỢP_VỚI_BMI
Dish324,Bmi003,PHÙ_HỢP_VỚI_BMI
Dish324,Bmi004,PHÙ_HỢP_VỚI_BMI
Dish325,Bmi001,PHÙ_HỢP_VỚI_BMI
Dish325,Bmi002,PHÙ_HỢP_VỚI_BMI
Dish326,Bmi001,PHÙ_HỢP_VỚI_BMI
Dish326,Bmi002,PHÙ_HỢP_VỚI_BMI
Dish326,Bmi003,PHÙ_HỢP_VỚI_BMI
Dish326,Bmi004,PHÙ_HỢP_VỚI_BMI
Dish327,Bmi001,PHÙ_HỢP_VỚI_BMI
Dish327,Bmi002,PHÙ_HỢP_VỚI_BMI
Dish327,Bmi003,PHÙ_HỢP_VỚI_BMI
Dish327,Bmi004,PHÙ_HỢP_VỚI_BMI
Dish328,Bmi001,PHÙ_HỢP_VỚI_BMI
Dish328,Bmi002,PHÙ_HỢP_VỚI_BMI
Dish328,Bmi003,PHÙ_HỢP_VỚI_BMI
Dish328,Bmi004,PHÙ_HỢP_VỚI_BMI
Dish329,Bmi001,PHÙ_HỢP_VỚI_BMI
Dish329,Bmi002,PHÙ_HỢP_VỚI_BMI
Dish329,Bmi003,PHÙ_HỢP_VỚI_BMI
Dish329,Bmi004,PHÙ_HỢP_VỚI_BMI
Dish330,Bmi001,PHÙ_HỢP_VỚI_BMI
Dish330,Bmi002,PHÙ_HỢP_VỚI_BMI
Dish330,Bmi003,PHÙ_HỢP_VỚI_BMI
Dish330,Bmi004,PHÙ_HỢP_VỚI_BMI
Dish331,Bmi001,PHÙ_HỢP_VỚI_BMI
Dish331,Bmi002,PHÙ_HỢP_VỚI_BMI
Dish331,Bmi003,PHÙ_HỢP_VỚI_BMI
Dish331,Bmi004,PHÙ_HỢP_VỚI_BMI
Dish332,Bmi001,PHÙ_HỢP_VỚI_BMI
Dish332,Bmi002,PHÙ_HỢP_VỚI_BMI
Dish332,Bmi003,PHÙ_HỢP_VỚI_BMI
Dish332,Bmi004,PHÙ_HỢP_VỚI_BMI
Dish333,Bmi001,PHÙ_HỢP_VỚI_BMI
Dish333,Bmi002,PHÙ_HỢP_VỚI_BMI
Dish333,Bmi003,PHÙ_HỢP_VỚI_BMI
Dish333,Bmi004,PHÙ_HỢP_VỚI_BMI
Dish334,Bmi001,PHÙ_HỢP_VỚI_BMI
Dish334,Bmi002,PHÙ_HỢP_VỚI_BMI
Dish335,Bmi001,PHÙ_HỢP_VỚI_BMI
Dish335,Bmi002,PHÙ_HỢP_VỚI_BMI
Dish335,Bmi003,PHÙ_HỢP_VỚI_BMI
Dish336,Bmi001,PHÙ_HỢP_VỚI_BMI
Dish336,Bmi002,PHÙ_HỢP_VỚI_BMI
Dish336,Bmi003,PHÙ_HỢP_VỚI_BMI
Dish337,Bmi001,PHÙ_HỢP_VỚI_BMI
Dish337,Bmi002,PHÙ_HỢP_VỚI_BMI
Dish337,Bmi003,PHÙ_HỢP_VỚI_BMI
Dish337,Bmi004,PHÙ_HỢP_VỚI_BMI
Dish338,Bmi001,PHÙ_HỢP_VỚI_BMI
Dish338,Bmi002,PHÙ_HỢP_VỚI_BMI
Dish338,Bmi003,PHÙ_HỢP_VỚI_BMI
Dish339,Bmi001,PHÙ_HỢP_VỚI_BMI
Dish339,Bmi002,PHÙ_HỢP_VỚI_BMI
Dish340,Bmi001,PHÙ_HỢP_VỚI_BMI
Dish340,Bmi002,PHÙ_HỢP_VỚI_BMI
Dish340,Bmi003,PHÙ_HỢP_VỚI_BMI
Dish341,Bmi001,PHÙ_HỢP_VỚI_BMI
Dish341,Bmi002,PHÙ_HỢP_VỚI_BMI
Dish341,Bmi003,PHÙ_HỢP_VỚI_BMI
Dish341,Bmi004,PHÙ_HỢP_VỚI_BMI
Dish342,Bmi001,PHÙ_HỢP_VỚI_BMI
Dish342,Bmi002,PHÙ_HỢP_VỚI_BMI
Dish342,Bmi003,PHÙ_HỢP_VỚI_BMI
Dish342,Bmi004,PHÙ_HỢP_VỚI_BMI
Dish343,Bmi001,PHÙ_HỢP_VỚI_BMI
Dish343,Bmi002,PHÙ_HỢP_VỚI_BMI
Dish343,Bmi003,PHÙ_HỢP_VỚI_BMI
Dish343,Bmi004,PHÙ_HỢP_VỚI_BMI
Dish344,Bmi001,PHÙ_HỢP_VỚI_BMI
Dish344,Bmi002,PHÙ_HỢP_VỚI_BMI
Dish344,Bmi003,PHÙ_HỢP_VỚI_BMI
Dish344,Bmi004,PHÙ_HỢP_VỚI_BMI
Dish345,Bmi001,PHÙ_HỢP_VỚI_BMI
Dish345,Bmi002,PHÙ_HỢP_VỚI_BMI
Dish346,Bmi001,PHÙ_HỢP_VỚI_BMI
Dish346,Bmi002,PHÙ_HỢP_VỚI_BMI
Dish346,Bmi003,PHÙ_HỢP_VỚI_BMI
Dish346,Bmi004,PHÙ_HỢP_VỚI_BMI
Dish347,Bmi001,PHÙ_HỢP_VỚI_BMI
Dish347,Bmi002,PHÙ_HỢP_VỚI_BMI
Dish347,Bmi003,PHÙ_HỢP_VỚI_BMI
Dish347,Bmi004,PHÙ_HỢP_VỚI_BMI
Dish348,Bmi001,PHÙ_HỢP_VỚI_BMI
Dish348,Bmi002,PHÙ_HỢP_VỚI_BMI
Dish349,Bmi001,PHÙ_HỢP_VỚI_BMI
Dish349,Bmi002,PHÙ_HỢP_VỚI_BMI
Dish349,Bmi003,PHÙ_HỢP_VỚI_BMI
Dish349,Bmi004,PHÙ_HỢP_VỚI_BMI
Dish350,Bmi001,PHÙ_HỢP_VỚI_BMI
Dish350,Bmi002,PHÙ_HỢP_VỚI_BMI
Dish350,Bmi003,PHÙ_HỢP_VỚI_BMI
Dish350,Bmi004,PHÙ_HỢP_VỚI_BMI
Dish351,Bmi001,PHÙ_HỢP_VỚI_BMI
Dish351,Bmi002,PHÙ_HỢP_VỚI_BMI
Dish351,Bmi003,PHÙ_HỢP_VỚI_BMI
Dish351,Bmi004,PHÙ_HỢP_VỚI_BMI
Dish352,Bmi001,PHÙ_HỢP_VỚI_BMI
Dish352,Bmi002,PHÙ_HỢP_VỚI_BMI
Dish352,Bmi003,PHÙ_HỢP_VỚI_BMI
Dish352,Bmi004,PHÙ_HỢP_VỚI_BMI
Dish353,Bmi001,PHÙ_HỢP_VỚI_BMI
Dish353,Bmi002,PHÙ_HỢP_VỚI_BMI
Dish354,Bmi001,PHÙ_HỢP_VỚI_BMI
Dish354,Bmi002,PHÙ_HỢP_VỚI_BMI
Dish355,Bmi001,PHÙ_HỢP_VỚI_BMI
Dish355,Bmi002,PHÙ_HỢP_VỚI_BMI
Dish356,Bmi001,PHÙ_HỢP_VỚI_BMI
Dish356,Bmi002,PHÙ_HỢP_VỚI_BMI
Dish356,Bmi003,PHÙ_HỢP_VỚI_BMI
Dish356,Bmi004,PHÙ_HỢP_VỚI_BMI
Dish357,Bmi001,PHÙ_HỢP_VỚI_BMI
Dish357,Bmi002,PHÙ_HỢP_VỚI_BMI
Dish358,Bmi001,PHÙ_HỢP_VỚI_BMI
Dish358,Bmi002,PHÙ_HỢP_VỚI_BMI
Dish358,Bmi003,PHÙ_HỢP_VỚI_BMI
Dish358,Bmi004,PHÙ_HỢP_VỚI_BMI
Dish359,Bmi001,PHÙ_HỢP_VỚI_BMI
Dish359,Bmi002,PHÙ_HỢP_VỚI_BMI
Dish360,Bmi001,PHÙ_HỢP_VỚI_BMI
Dish360,Bmi002,PHÙ_HỢP_VỚI_BMI
Dish360,Bmi003,PHÙ_HỢP_VỚI_BMI
Dish361,Bmi001,PHÙ_HỢP_VỚI_BMI
Dish361,Bmi002,PHÙ_HỢP_VỚI_BMI
Dish361,Bmi003,PHÙ_HỢP_VỚI_BMI
Dish361,Bmi004,PHÙ_HỢP_VỚI_BMI
Dish362,Bmi001,PHÙ_HỢP_VỚI_BMI
Dish362,Bmi002,PHÙ_HỢP_VỚI_BMI
Dish362,Bmi003,PHÙ_HỢP_VỚI_BMI
Dish362,Bmi004,PHÙ_HỢP_VỚI_BMI
Dish363,Bmi001,PHÙ_HỢP_VỚI_BMI
Dish363,Bmi002,PHÙ_HỢP_VỚI_BMI
Dish364,Bmi001,PHÙ_HỢP_VỚI_BMI
Dish364,Bmi002,PHÙ_HỢP_VỚI_BMI
Dish365,Bmi001,PHÙ_HỢP_VỚI_BMI
Dish365,Bmi002,PHÙ_HỢP_VỚI_BMI
Dish365,Bmi003,PHÙ_HỢP_VỚI_BMI
Dish365,Bmi004,PHÙ_HỢP_VỚI_BMI
Dish366,Bmi001,PHÙ_HỢP_VỚI_BMI
Dish366,Bmi002,PHÙ_HỢP_VỚI_BMI
Dish367,Bmi001,PHÙ_HỢP_VỚI_BMI
Dish367,Bmi002,PHÙ_HỢP_VỚI_BMI
Dish368,Bmi001,PHÙ_HỢP_VỚI_BMI
Dish368,Bmi002,PHÙ_HỢP_VỚI_BMI
Dish369,Bmi001,PHÙ_HỢP_VỚI_BMI
Dish369,Bmi002,PHÙ_HỢP_VỚI_BMI
Dish370,Bmi001,PHÙ_HỢP_VỚI_BMI
Dish370,Bmi002,PHÙ_HỢP_VỚI_BMI
Dish371,Bmi001,PHÙ_HỢP_VỚI_BMI
Dish371,Bmi002,PHÙ_HỢP_VỚI_BMI
Dish372,Bmi001,PHÙ_HỢP_VỚI_BMI
Dish372,Bmi002,PHÙ_HỢP_VỚI_BMI
Dish373,Bmi001,PHÙ_HỢP_VỚI_BMI
Dish373,Bmi002,PHÙ_HỢP_VỚI_BMI
Dish374,Bmi001,PHÙ_HỢP_VỚI_BMI
Dish374,Bmi002,PHÙ_HỢP_VỚI_BMI
Dish375,Bmi001,PHÙ_HỢP_VỚI_BMI
Dish375,Bmi002,PHÙ_HỢP_VỚI_BMI
Dish376,Bmi001,PHÙ_HỢP_VỚI_BMI
Dish376,Bmi002,PHÙ_HỢP_VỚI_BMI
Dish377,Bmi001,PHÙ_HỢP_VỚI_BMI
Dish377,Bmi002,PHÙ_HỢP_VỚI_BMI
Dish378,Bmi001,PHÙ_HỢP_VỚI_BMI
Dish378,Bmi002,PHÙ_HỢP_VỚI_BMI
Dish379,Bmi001,PHÙ_HỢP_VỚI_BMI
Dish379,Bmi002,PHÙ_HỢP_VỚI_BMI
Dish380,Bmi001,PHÙ_HỢP_VỚI_BMI
Dish380,Bmi002,PHÙ_HỢP_VỚI_BMI
Dish381,Bmi001,PHÙ_HỢP_VỚI_BMI
Dish381,Bmi002,PHÙ_HỢP_VỚI_BMI
Dish382,Bmi001,PHÙ_HỢP_VỚI_BMI
Dish382,Bmi002,PHÙ_HỢP_VỚI_BMI
Dish383,Bmi001,PHÙ_HỢP_VỚI_BMI
Dish383,Bmi002,PHÙ_HỢP_VỚI_BMI
Dish384,Bmi001,PHÙ_HỢP_VỚI_BMI
Dish384,Bmi002,PHÙ_HỢP_VỚI_BMI
Dish385,Bmi001,PHÙ_HỢP_VỚI_BMI
Dish385,Bmi002,PHÙ_HỢP_VỚI_BMI
Dish386,Bmi001,PHÙ_HỢP_VỚI_BMI
Dish386,Bmi002,PHÙ_HỢP_VỚI_BMI
Dish387,Bmi001,PHÙ_HỢP_VỚI_BMI
Dish387,Bmi002,PHÙ_HỢP_VỚI_BMI
Dish387,Bmi003,PHÙ_HỢP_VỚI_BMI
Dish387,Bmi004,PHÙ_HỢP_VỚI_BMI
Dish388,Bmi001,PHÙ_HỢP_VỚI_BMI
Dish388,Bmi002,PHÙ_HỢP_VỚI_BMI
Dish388,Bmi003,PHÙ_HỢP_VỚI_BMI
Dish388,Bmi004,PHÙ_HỢP_VỚI_BMI
Dish389,Bmi001,PHÙ_HỢP_VỚI_BMI
Dish389,Bmi002,PHÙ_HỢP_VỚI_BMI
Dish389,Bmi003,PHÙ_HỢP_VỚI_BMI
Dish390,Bmi001,PHÙ_HỢP_VỚI_BMI
Dish390,Bmi002,PHÙ_HỢP_VỚI_BMI
Dish391,Bmi001,PHÙ_HỢP_VỚI_BMI
Dish391,Bmi002,PHÙ_HỢP_VỚI_BMI
Dish391,Bmi003,PHÙ_HỢP_VỚI_BMI
Dish391,Bmi004,PHÙ_HỢP_VỚI_BMI
Dish392,Bmi001,PHÙ_HỢP_VỚI_BMI
Dish392,Bmi002,PHÙ_HỢP_VỚI_BMI
Dish392,Bmi003,PHÙ_HỢP_VỚI_BMI
Dish392,Bmi004,PHÙ_HỢP_VỚI_BMI
Dish393,Bmi001,PHÙ_HỢP_VỚI_BMI
Dish393,Bmi002,PHÙ_HỢP_VỚI_BMI
Dish393,Bmi003,PHÙ_HỢP_VỚI_BMI
Dish393,Bmi004,PHÙ_HỢP_VỚI_BMI
Dish394,Bmi001,PHÙ_HỢP_VỚI_BMI
Dish394,Bmi002,PHÙ_HỢP_VỚI_BMI
Dish394,Bmi003,PHÙ_HỢP_VỚI_BMI
Dish394,Bmi004,PHÙ_HỢP_VỚI_BMI
Dish395,Bmi001,PHÙ_HỢP_VỚI_BMI
Dish395,Bmi002,PHÙ_HỢP_VỚI_BMI
Dish395,Bmi003,PHÙ_HỢP_VỚI_BMI
Dish395,Bmi004,PHÙ_HỢP_VỚI_BMI
Dish396,Bmi001,PHÙ_HỢP_VỚI_BMI
Dish396,Bmi002,PHÙ_HỢP_VỚI_BMI
Dish396,Bmi003,PHÙ_HỢP_VỚI_BMI
Dish396,Bmi004,PHÙ_HỢP_VỚI_BMI
Dish397,Bmi001,PHÙ_HỢP_VỚI_BMI
Dish397,Bmi002,PHÙ_HỢP_VỚI_BMI
Dish397,Bmi003,PHÙ_HỢP_VỚI_BMI
Dish398,Bmi001,PHÙ_HỢP_VỚI_BMI
Dish398,Bmi002,PHÙ_HỢP_VỚI_BMI
Dish399,Bmi001,PHÙ_HỢP_VỚI_BMI
Dish399,Bmi002,PHÙ_HỢP_VỚI_BMI
Dish400,Bmi001,PHÙ_HỢP_VỚI_BMI
Dish400,Bmi002,PHÙ_HỢP_VỚI_BMI
Dish401,Bmi001,PHÙ_HỢP_VỚI_BMI
Dish401,Bmi002,PHÙ_HỢP_VỚI_BMI
Dish401,Bmi003,PHÙ_HỢP_VỚI_BMI
Dish401,Bmi004,PHÙ_HỢP_VỚI_BMI
Dish402,Bmi001,PHÙ_HỢP_VỚI_BMI
Dish402,Bmi002,PHÙ_HỢP_VỚI_BMI
Dish403,Bmi001,PHÙ_HỢP_VỚI_BMI
Dish403,Bmi002,PHÙ_HỢP_VỚI_BMI
Dish404,Bmi001,PHÙ_HỢP_VỚI_BMI
Dish404,Bmi002,PHÙ_HỢP_VỚI_BMI
Dish405,Bmi001,PHÙ_HỢP_VỚI_BMI
Dish405,Bmi002,PHÙ_HỢP_VỚI_BMI
Dish405,Bmi003,PHÙ_HỢP_VỚI_BMI
Dish406,Bmi001,PHÙ_HỢP_VỚI_BMI
Dish406,Bmi002,PHÙ_HỢP_VỚI_BMI
Dish406,Bmi003,PHÙ_HỢP_VỚI_BMI
Dish406,Bmi004,PHÙ_HỢP_VỚI_BMI

,,
Tod001,ctx001,THỜI_ĐIỂM
Tod001,ctx002,THỜI_ĐIỂM
Tod001,ctx003,THỜI_ĐIỂM
Tod002,ctx004,THỜI_ĐIỂM
Tod002,ctx005,THỜI_ĐIỂM
Tod002,ctx006,THỜI_ĐIỂM
Tod003,ctx007,THỜI_ĐIỂM
Tod003,ctx008,THỜI_ĐIỂM
Tod003,ctx009,THỜI_ĐIỂM
Tod004,ctx010,THỜI_ĐIỂM
Tod004,ctx011,THỜI_ĐIỂM
Tod004,ctx012,THỜI_ĐIỂM
,,
,,
Wea001,ctx001,MÔ_TẢ
Wea001,ctx004,MÔ_TẢ
Wea001,ctx007,MÔ_TẢ
Wea001,ctx010,MÔ_TẢ
Wea002,ctx002,MÔ_TẢ
Wea002,ctx005,MÔ_TẢ
Wea002,ctx008,MÔ_TẢ
Wea002,ctx011,MÔ_TẢ
Wea003,ctx003,MÔ_TẢ
Wea003,ctx006,MÔ_TẢ
Wea003,ctx009,MÔ_TẢ
Wea003,ctx012,MÔ_TẢ
,,
,,
ctx001,cm006,PHÙ_HỢP_CHẾ_BIẾNG_BẰNG
ctx001,cm007,PHÙ_HỢP_CHẾ_BIẾNG_BẰNG
ctx001,cm008,PHÙ_HỢP_CHẾ_BIẾNG_BẰNG
ctx001,cm012,PHÙ_HỢP_CHẾ_BIẾNG_BẰNG
ctx002,cm001,PHÙ_HỢP_CHẾ_BIẾNG_BẰNG
ctx002,cm002,PHÙ_HỢP_CHẾ_BIẾNG_BẰNG
ctx002,cm004,PHÙ_HỢP_CHẾ_BIẾNG_BẰNG
ctx002,cm005,PHÙ_HỢP_CHẾ_BIẾNG_BẰNG
ctx002,cm007,PHÙ_HỢP_CHẾ_BIẾNG_BẰNG
ctx002,cm012,PHÙ_HỢP_CHẾ_BIẾNG_BẰNG
ctx003,cm004,PHÙ_HỢP_CHẾ_BIẾNG_BẰNG
ctx003,cm005,PHÙ_HỢP_CHẾ_BIẾNG_BẰNG
ctx003,cm011,PHÙ_HỢP_CHẾ_BIẾNG_BẰNG
ctx003,cm014,PHÙ_HỢP_CHẾ_BIẾNG_BẰNG
ctx004,cm006,PHÙ_HỢP_CHẾ_BIẾNG_BẰNG
ctx004,cm007,PHÙ_HỢP_CHẾ_BIẾNG_BẰNG
ctx004,cm008,PHÙ_HỢP_CHẾ_BIẾNG_BẰNG
ctx005,cm001,PHÙ_HỢP_CHẾ_BIẾNG_BẰNG
ctx005,cm002,PHÙ_HỢP_CHẾ_BIẾNG_BẰNG
ctx005,cm004,PHÙ_HỢP_CHẾ_BIẾNG_BẰNG
ctx006,cm011,PHÙ_HỢP_CHẾ_BIẾNG_BẰNG
ctx006,cm014,PHÙ_HỢP_CHẾ_BIẾNG_BẰNG
ctx006,cm005,PHÙ_HỢP_CHẾ_BIẾNG_BẰNG
ctx006,cm004,PHÙ_HỢP_CHẾ_BIẾNG_BẰNG
ctx007,cm012,PHÙ_HỢP_CHẾ_BIẾNG_BẰNG
ctx007,cm005,PHÙ_HỢP_CHẾ_BIẾNG_BẰNG
ctx008,cm001,PHÙ_HỢP_CHẾ_BIẾNG_BẰNG
ctx008,cm013,PHÙ_HỢP_CHẾ_BIẾNG_BẰNG
ctx009,cm013,PHÙ_HỢP_CHẾ_BIẾNG_BẰNG
ctx009,cm011,PHÙ_HỢP_CHẾ_BIẾNG_BẰNG
ctx009,cm014,PHÙ_HỢP_CHẾ_BIẾNG_BẰNG
ctx010,cm008,PHÙ_HỢP_CHẾ_BIẾNG_BẰNG
ctx010,cm012,PHÙ_HỢP_CHẾ_BIẾNG_BẰNG
ctx010,cm007,PHÙ_HỢP_CHẾ_BIẾNG_BẰNG
ctx011,cm002,PHÙ_HỢP_CHẾ_BIẾNG_BẰNG
ctx011,cm004,PHÙ_HỢP_CHẾ_BIẾNG_BẰNG
ctx011,cm005,PHÙ_HỢP_CHẾ_BIẾNG_BẰNG
ctx012,cm004,PHÙ_HỢP_CHẾ_BIẾNG_BẰNG
ctx012,cm005,PHÙ_HỢP_CHẾ_BIẾNG_BẰNG
ctx012,cm011,PHÙ_HỢP_CHẾ_BIẾNG_BẰNG
ctx012,cm014,PHÙ_HỢP_CHẾ_BIẾNG_BẰNG